name,category,city,address,phone,website,rating,reviews,maps_url,scraped_at,email
VetriCinema,film production house,Chennai,"no 12, New no 9, old, 5th St, Thirunagar, Vadapalani, Chennai, Tamil Nadu 600026",098419 50053,,4.9,,"https://www.google.com/maps/place/VetriCinema/@13.0486409,80.1624735,13z/data=!4m10!1m2!2m1!1sfilm+production+house+in+Chennai,+Tamil+Nadu!3m6!1s0x3a5267f695ed9935:0xb8dea0e5165695be!8m2!3d13.0593135!4d80.2099119!15sCixmaWxtIHByb2R1Y3Rpb24gaG91c2UgaW4gQ2hlbm5haSwgVGFtaWwgTmFkdVotIitmaWxtIHByb2R1Y3Rpb24gaG91c2UgaW4gY2hlbm5haSB0YW1pbCBuYWR1kgEXZmlsbV9wcm9kdWN0aW9uX2NvbXBhbnmaASRDaGREU1VoTk1HOW5TMFZKUTBGblNVUlBOR1JMZG5aQlJSQULgAQD6AQQIABAe!16s%2Fg%2F11flbrv834?entry=ttu&g_ep=EgoyMDI2MDUwMi4wIKXMDSoASAFQAw%3D%3D",2026-05-07 15:47,
Vishal Film Factory,film production house,Chennai,"47, Sterling Ave, Nungambakkam, Chennai, Tamil Nadu 600034",,,4.7,,"https://www.google.com/maps/place/Vishal+Film+Factory/@13.0486409,80.1624735,13z/data=!4m10!1m2!2m1!1sfilm+production+house+in+Chennai,+Tamil+Nadu!3m6!1s0x3a52670d754c4b01:0xac145f387e0f8201!8m2!3d13.0637416!4d80.2361133!15sCixmaWxtIHByb2R1Y3Rpb24gaG91c2UgaW4gQ2hlbm5haSwgVGFtaWwgTmFkdVotIitmaWxtIHByb2R1Y3Rpb24gaG91c2UgaW4gY2hlbm5haSB0YW1pbCBuYWR1kgEXZmlsbV9wcm9kdWN0aW9uX2NvbXBhbnmaAURDaTlEUVVsUlFVTnZaRU5vZEhsalJqbHZUMjVhUm1WRVJqRk9hMFpQVDBaR2VXUlVUak5rTTNCNVpWYzFTMkZJWXhBQuABAPoBBQiUAhAf!16s%2Fg%2F11n7fmmxj6?entry=ttu&g_ep=EgoyMDI2MDUwMi4wIKXMDSoASAFQAw%3D%3D",2026-05-07 15:47,
Axess Film Factory,film production house,Chennai,"52,2nd Floor, Kannammal St, kannabiran colony, Saligramam, Chennai, Tamil Nadu 600093",099625 72705,https://www.axessfilmfactory.com/,4.7,,"https://www.google.com/maps/place/Axess+Film+Factory/@13.0504152,80.1277014,13z/data=!4m10!1m2!2m1!1sfilm+production+house+in+Chennai,+Tamil+Nadu!3m6!1s0x3a5267205e31f16d:0x961a350fea097721!8m2!3d13.0504152!4d80.1997992!15sCixmaWxtIHByb2R1Y3Rpb24gaG91c2UgaW4gQ2hlbm5haSwgVGFtaWwgTmFkdVotIitmaWxtIHByb2R1Y3Rpb24gaG91c2UgaW4gY2hlbm5haSB0YW1pbCBuYWR1kgEXZmlsbV9wcm9kdWN0aW9uX2NvbXBhbnmaASRDaGREU1VoTk1HOW5TMFZKUTBGblNVUmxNbTl5TlROQlJSQULgAQD6AQQIABBM!16s%2Fg%2F11j31w0yhy?entry=ttu&g_ep=EgoyMDI2MDUwMi4wIKXMDSoASAFQAw%3D%3D",2026-05-07 15:47,enquiry@axessfilmfactory.com
2d Entertainment Pvt Ltd,film production house,Chennai,"2nd floor Apartment, Akshaya Suriya, 43/20, Besant Ave Rd, Karpagam Gardens, Adyar, Chennai, Tamil Nadu 600020",044 4204 6111,http://2dentertainment.in/,4.7,,"https://www.google.com/maps/place/2d+Entertainment+Pvt+Ltd/@13.0070654,80.1886526,13z/data=!4m10!1m2!2m1!1sfilm+production+house+in+Chennai,+Tamil+Nadu!3m6!1s0x3a5267b54cbd2d47:0xd83132a9e4ba206c!8m2!3d13.0070654!4d80.2607504!15sCixmaWxtIHByb2R1Y3Rpb24gaG91c2UgaW4gQ2hlbm5haSwgVGFtaWwgTmFkdVotIitmaWxtIHByb2R1Y3Rpb24gaG91c2UgaW4gY2hlbm5haSB0YW1pbCBuYWR1kgEXZmlsbV9wcm9kdWN0aW9uX2NvbXBhbnmaASRDaGREU1VoTk1HOW5TMFZKUTBGblRVUkpOVkJ0Y21kblJSQULgAQD6AQQIABAd!16s%2Fg%2F11dxc0_5ml?entry=ttu&g_ep=EgoyMDI2MDUwMi4wIKXMDSoASAFQAw%3D%3D",2026-05-07 15:47,info@2dentertainment.in
Lyca Productions Private Limited,film production house,Chennai,"4th Floor, Block-B, 55, Vijayaraghava Rd, T. Nagar, Chennai, Tamil Nadu 600017",044 4023 1234,https://lycaproductions.in/,4.6,,"https://www.google.com/maps/place/Lyca+Productions+Private+Limited/@13.0070654,80.1886526,13z/data=!4m10!1m2!2m1!1sfilm+production+house+in+Chennai,+Tamil+Nadu!3m6!1s0x3a52664e30157edd:0x961f809c4163d954!8m2!3d13.0436141!4d80.24175!15sCixmaWxtIHByb2R1Y3Rpb24gaG91c2UgaW4gQ2hlbm5haSwgVGFtaWwgTmFkdVotIitmaWxtIHByb2R1Y3Rpb24gaG91c2UgaW4gY2hlbm5haSB0YW1pbCBuYWR1kgEXZmlsbV9wcm9kdWN0aW9uX2NvbXBhbnmaASRDaGREU1VoTk1HOW5TMFZKUTBGblNVUkdiMXB0Um5oUlJSQULgAQD6AQQIABAZ!16s%2Fg%2F11bw21cdh9?entry=ttu&g_ep=EgoyMDI2MDUwMi4wIKXMDSoASAFQAw%3D%3D",2026-05-07 15:47,info@lycaproductions.in
Madras Talkies,film production house,Chennai,"15/8, Crescent Avenue Rd, Kesavaperumalpuram, Gandhi Nagar, Raja Annamalaipuram, Chennai, Tamil Nadu 600028",044 2461 5810,https://madras-talkies.blogspot.com/,4.6,,"https://www.google.com/maps/place/Madras+Talkies/@13.0070654,80.1886526,13z/data=!4m10!1m2!2m1!1sfilm+production+house+in+Chennai,+Tamil+Nadu!3m6!1s0x3a5267b88fedd009:0x7524b534d91eeceb!8m2!3d13.020888!4d80.2536779!15sCixmaWxtIHByb2R1Y3Rpb24gaG91c2UgaW4gQ2hlbm5haSwgVGFtaWwgTmFkdVotIitmaWxtIHByb2R1Y3Rpb24gaG91c2UgaW4gY2hlbm5haSB0YW1pbCBuYWR1kgEXZmlsbV9wcm9kdWN0aW9uX2NvbXBhbnmaAURDaTlEUVVsUlFVTnZaRU5vZEhsalJqbHZUMjA0ZVdSVVZscGlWM2MwVVRKYWMxWnNVbE5pU0U1VlVrWkNiVlV6WXhBQuABAPoBBAhKEDQ!16s%2Fg%2F11bw61l4l7?entry=ttu&g_ep=EgoyMDI2MDUwMi4wIKXMDSoASAFQAw%3D%3D",2026-05-07 15:47,
Mark Studio India Private Limited,film production house,Chennai,"No: 11/6, First Floor, Ramanathan St, Mahalingapuram, Nungambakkam, Chennai, Tamil Nadu 600034",073389 04628,,4.6,,"https://www.google.com/maps/place/Mark+Studio+India+Private+Limited/@13.0655049,80.1634954,13z/data=!4m10!1m2!2m1!1sfilm+production+house+in+Chennai,+Tamil+Nadu!3m6!1s0x3a52665f9c03fefb:0xe3469c347ecafa77!8m2!3d13.0655049!4d80.2355932!15sCixmaWxtIHByb2R1Y3Rpb24gaG91c2UgaW4gQ2hlbm5haSwgVGFtaWwgTmFkdVotIitmaWxtIHByb2R1Y3Rpb24gaG91c2UgaW4gY2hlbm5haSB0YW1pbCBuYWR1kgEXZmlsbV9wcm9kdWN0aW9uX2NvbXBhbnmaASNDaFpEU1VoTk1HOW5TMFZKUTBGblRVTjNhbGt0ZFVabkVBReABAPoBBAg2EDY!16s%2Fg%2F11cm1sv4w4?entry=ttu&g_ep=EgoyMDI2MDUwMi4wIKXMDSoASAFQAw%3D%3D",2026-05-07 15:47,
Pathway Productions,film production house,Chennai,"First floor, 9, Chinnaya St, Thirumurthy Nagar, Satyamurthy Nagar, T. Nagar, Chennai, Tamil Nadu 600017",,http://www.pathwayproductions.in/,4.7,,"https://www.google.com/maps/place/Pathway+Productions/@13.0655049,80.1634954,13z/data=!4m10!1m2!2m1!1sfilm+production+house+in+Chennai,+Tamil+Nadu!3m6!1s0x3a526612f5946dbb:0xd56aa2fb97be7fd1!8m2!3d13.0467194!4d80.2414937!15sCixmaWxtIHByb2R1Y3Rpb24gaG91c2UgaW4gQ2hlbm5haSwgVGFtaWwgTmFkdVotIitmaWxtIHByb2R1Y3Rpb24gaG91c2UgaW4gY2hlbm5haSB0YW1pbCBuYWR1kgEYdmlkZW9fcHJvZHVjdGlvbl9zZXJ2aWNlmgEjQ2haRFNVaE5NRzluUzBWSlEwRm5TVVJQWjAxcFpFZFJFQUXgAQD6AQQIABAi!16s%2Fg%2F12hpj8_j0?entry=ttu&g_ep=EgoyMDI2MDUwMi4wIKXMDSoASAFQAw%3D%3D",2026-05-07 15:47,contact@pathwayproductions.in
Sathya Jyothi Films,film production house,Chennai,"No.8, 1st Floor, Tilak St, Extension, T. Nagar, Chennai, Tamil Nadu 600017",,,4.8,,"https://www.google.com/maps/place/Sathya+Jyothi+Films/@13.0486409,80.1624735,13z/data=!3m1!5s0x3a5266584dc29209:0x2ef8fba976e28f37!4m10!1m2!2m1!1sfilm+production+house+in+Chennai,+Tamil+Nadu!3m6!1s0x3a5267d0aa4ef8b1:0x4b9afa3adbbdf709!8m2!3d13.0486409!4d80.2345713!15sCixmaWxtIHByb2R1Y3Rpb24gaG91c2UgaW4gQ2hlbm5haSwgVGFtaWwgTmFkdVotIitmaWxtIHByb2R1Y3Rpb24gaG91c2UgaW4gY2hlbm5haSB0YW1pbCBuYWR1kgEXZmlsbV9wcm9kdWN0aW9uX2NvbXBhbnmaAURDaTlEUVVsUlFVTnZaRU5vZEhsalJqbHZUMnRyTldGRVl6QmxSbFpzWWpKU1ZrNXVTWHBrVjNSMldWVTFWRlV4UlJBQuABAPoBBAgAECI!16s%2Fg%2F11hyzl_2zk?entry=ttu&g_ep=EgoyMDI2MDUwMi4wIKXMDSoASAFQAw%3D%3D",2026-05-07 16:34,
WUNDERBAR FILMS PVT LTD,film production house,Chennai,"6, 13, Jaganathan Rd, Ponnangipuram, Tirumurthy Nagar, Nungambakkam, Chennai, Tamil Nadu 600034",,,4.3,,"https://www.google.com/maps/place/WUNDERBAR+FILMS+PVT+LTD/@13.0486409,80.1624735,13z/data=!4m10!1m2!2m1!1sfilm+production+house+in+Chennai,+Tamil+Nadu!3m6!1s0x3a526668504344bd:0x4d3b998ec1d4714e!8m2!3d13.060674!4d80.2454807!15sCixmaWxtIHByb2R1Y3Rpb24gaG91c2UgaW4gQ2hlbm5haSwgVGFtaWwgTmFkdZIBF2ZpbG1fcHJvZHVjdGlvbl9jb21wYW554AEA!16s%2Fg%2F11bv6q0nbr?entry=ttu&g_ep=EgoyMDI2MDUwMi4wIKXMDSoASAFQAw%3D%3D",2026-05-07 16:34,
Puppet Films – Video Production Company in Chennai & Ad Film Makers,film production house,Chennai,"Third Floor, CSR towers, Sabari Nagar Extension, Mugalivakkam, Chennai, Tamil Nadu 600125",086670 54044,http://www.puppetfilms.in/,5.0,,"https://www.google.com/maps/place/Puppet+Films+%E2%80%93+Video+Production+Company+in+Chennai+%26+Ad+Film+Makers/@13.023045,80.0973821,13z/data=!4m10!1m2!2m1!1sfilm+production+house+in+Chennai,+Tamil+Nadu!3m6!1s0x3a52614ece2a1ad1:0x1130541db76f2489!8m2!3d13.023045!4d80.1694799!15sCixmaWxtIHByb2R1Y3Rpb24gaG91c2UgaW4gQ2hlbm5haSwgVGFtaWwgTmFkdVotIitmaWxtIHByb2R1Y3Rpb24gaG91c2UgaW4gY2hlbm5haSB0YW1pbCBuYWR1kgEYdmlkZW9fcHJvZHVjdGlvbl9zZXJ2aWNlmgFEQ2k5RFFVbFJRVU52WkVOb2RIbGpSamx2VDJ4U1dGUldPVUppYTFJeFRqSndXVmRxYTNST2VsSkpWVlpPVUZOSFl4QULgAQD6AQQIExBB!16s%2Fg%2F11j47n0h0z?entry=ttu&g_ep=EgoyMDI2MDUwMi4wIKXMDSoASAFQAw%3D%3D",2026-05-07 16:34,info@puppetfilms.in
AR Murugadoss Productions,film production house,Chennai,"No-11, 2, Eldams Rd, Vannia Teynampet, Lubdhi Colony, Teynampet, Chennai, Tamil Nadu 600018",,,4.4,,"https://www.google.com/maps/place/AR+Murugadoss+Productions/@13.0382156,80.1828097,13z/data=!4m10!1m2!2m1!1sfilm+production+house+in+Chennai,+Tamil+Nadu!3m6!1s0x3a526771927c6c21:0x24789526fbd2cc37!8m2!3d13.0382156!4d80.2549075!15sCixmaWxtIHByb2R1Y3Rpb24gaG91c2UgaW4gQ2hlbm5haSwgVGFtaWwgTmFkdVotIitmaWxtIHByb2R1Y3Rpb24gaG91c2UgaW4gY2hlbm5haSB0YW1pbCBuYWR1kgEXZmlsbV9wcm9kdWN0aW9uX2NvbXBhbnmaASRDaGREU1VoTk1HOW5TMFZKUTBGblNVTlVORzl1WDNCM1JSQULgAQD6AQQIABAX!16s%2Fg%2F11g196pjfc?entry=ttu&g_ep=EgoyMDI2MDUwMi4wIKXMDSoASAFQAw%3D%3D",2026-05-07 16:34,
Raaj Kamal Films International,film production house,Chennai,"404, TTK Rd, Seetammal Colony, Seethammal Colony, Lubdhi Colony, Alwarpet, Chennai, Tamil Nadu 600018",,,4.7,,"https://www.google.com/maps/place/Raaj+Kamal+Films+International/@13.0382156,80.1828097,13z/data=!4m10!1m2!2m1!1sfilm+production+house+in+Chennai,+Tamil+Nadu!3m6!1s0x3a5266350fb3ae17:0x659f1556001fda59!8m2!3d13.0363303!4d80.2551074!15sCixmaWxtIHByb2R1Y3Rpb24gaG91c2UgaW4gQ2hlbm5haSwgVGFtaWwgTmFkdVotIitmaWxtIHByb2R1Y3Rpb24gaG91c2UgaW4gY2hlbm5haSB0YW1pbCBuYWR1kgEXZmlsbV9wcm9kdWN0aW9uX2NvbXBhbnmaASNDaFpEU1VoTk1HOW5TMFZKUTBGblNVUlBNMDFpYWtGbkVBReABAPoBBAgAECE!16s%2Fg%2F124yqsks_?entry=ttu&g_ep=EgoyMDI2MDUwMi4wIKXMDSoASAFQAw%3D%3D",2026-05-07 16:35,
Vijay Antony Film Corporation,film production house,Chennai,"3rd St, Kumaran Colony, SBI Colony, Virugambakkam, Chennai, Tamil Nadu 600092",,http://vijayantonyfilmcorporation.com/,4.5,,"https://www.google.com/maps/place/Vijay+Antony+Film+Corporation/@13.0536146,80.1272879,13z/data=!4m10!1m2!2m1!1sfilm+production+house+in+Chennai,+Tamil+Nadu!3m6!1s0x3a5266c617e6aaeb:0x195a3157bd60cf68!8m2!3d13.0536146!4d80.1993857!15sCixmaWxtIHByb2R1Y3Rpb24gaG91c2UgaW4gQ2hlbm5haSwgVGFtaWwgTmFkdVotIitmaWxtIHByb2R1Y3Rpb24gaG91c2UgaW4gY2hlbm5haSB0YW1pbCBuYWR1kgEXZmlsbV9wcm9kdWN0aW9uX2NvbXBhbnmaASNDaFpEU1VoTk1HOW5TMFZKUTBGblNVTmxjMjlwUjFSQkVBReABAPoBBAgAEDI!16s%2Fg%2F1235bjhvw?entry=ttu&g_ep=EgoyMDI2MDUwMi4wIKXMDSoASAFQAw%3D%3D",2026-05-07 16:35,
SAKTHI FILM FACTORY,film production house,Chennai,"Flat Number.3, Ground Floor, Archana Appartment, 23, Sarangapani St, Rama Kamath Puram, T. Nagar, Chennai, Tamil Nadu 600017",,,4.6,,"https://www.google.com/maps/place/SAKTHI+FILM+FACTORY/@13.0487467,80.1659218,13z/data=!3m1!5s0x3a52665a2686f1d9:0xbea974248fec7936!4m10!1m2!2m1!1sfilm+production+house+in+Chennai,+Tamil+Nadu!3m6!1s0x3a5267e9972079c3:0x90ae76ac540061d2!8m2!3d13.0487467!4d80.2380196!15sCixmaWxtIHByb2R1Y3Rpb24gaG91c2UgaW4gQ2hlbm5haSwgVGFtaWwgTmFkdVotIitmaWxtIHByb2R1Y3Rpb24gaG91c2UgaW4gY2hlbm5haSB0YW1pbCBuYWR1kgEXZmlsbV9wcm9kdWN0aW9uX2NvbXBhbnmaASRDaGREU1VoTk1HOW5TMFZKUTBGblNVTjRjVzh5ZHpoM1JSQULgAQD6AQQIABAV!16s%2Fg%2F11sfp6k9h_?entry=ttu&g_ep=EgoyMDI2MDUwMi4wIKXMDSoASAFQAw%3D%3D",2026-05-07 16:35,
Aura Studios,recording studio,Chennai,"Flat C, Padmagiri Apartments, 17, Yogambal St, T. Nagar, Chennai, Tamil Nadu 600017",099413 12587,https://www.aurastudios.in/,4.8,,"https://www.google.com/maps/place/Aura+Studios/@13.0460371,80.0923095,12z/data=!4m10!1m2!2m1!1srecording+studio+in+Chennai,+Tamil+Nadu!3m6!1s0x3a5266575cf9ef97:0xcb56b634b50070b3!8m2!3d13.0460371!4d80.2365051!15sCidyZWNvcmRpbmcgc3R1ZGlvIGluIENoZW5uYWksIFRhbWlsIE5hZHVaKCImcmVjb3JkaW5nIHN0dWRpbyBpbiBjaGVubmFpIHRhbWlsIG5hZHWSARByZWNvcmRpbmdfc3R1ZGlvmgEjQ2haRFNVaE5NRzluUzBWSlEwRm5TVVJuTmtsUFdFaFJFQUXgAQD6AQQIIRA-!16s%2Fg%2F124yqmt6q?entry=ttu&g_ep=EgoyMDI2MDUwMi4wIKXMDSoASAFQAw%3D%3D",2026-05-07 16:35,
NAM Studios,recording studio,Chennai,"Doctor Ambedkar Salai, Plot number 43, Enfield Ave, Mangadu, Sigamani Nagar, Madipakkam, Chennai, Tamil Nadu 600091",081441 55406,,4.7,,"https://www.google.com/maps/place/NAM+Studios/@13.0460371,80.0923095,12z/data=!4m10!1m2!2m1!1srecording+studio+in+Chennai,+Tamil+Nadu!3m6!1s0x3a525ddab3506f71:0x38a93144af831f25!8m2!3d12.9554576!4d80.1987432!15sCidyZWNvcmRpbmcgc3R1ZGlvIGluIENoZW5uYWksIFRhbWlsIE5hZHVaKCImcmVjb3JkaW5nIHN0dWRpbyBpbiBjaGVubmFpIHRhbWlsIG5hZHWSARByZWNvcmRpbmdfc3R1ZGlv4AEA!16s%2Fg%2F11b7lp0s8p?entry=ttu&g_ep=EgoyMDI2MDUwMi4wIKXMDSoASAFQAw%3D%3D",2026-05-07 16:35,
Oasis Recording Studio,recording studio,Chennai,"185, Imayam Colony, Sector A, Anna Nagar West Extension, Chennai, Tamil Nadu 600101",095511 45829,,4.9,,"https://www.google.com/maps/place/Oasis+Recording+Studio/@13.0460371,80.0923095,12z/data=!4m10!1m2!2m1!1srecording+studio+in+Chennai,+Tamil+Nadu!3m6!1s0x3a52651323b276e1:0x99b209b7acfa08ee!8m2!3d13.0978117!4d80.1961667!15sCidyZWNvcmRpbmcgc3R1ZGlvIGluIENoZW5uYWksIFRhbWlsIE5hZHVaKCImcmVjb3JkaW5nIHN0dWRpbyBpbiBjaGVubmFpIHRhbWlsIG5hZHWSARByZWNvcmRpbmdfc3R1ZGlvmgEkQ2hkRFNVaE5NRzluUzBWUVprNHhiMHRZTUZCcGFIRjNSUkFC4AEA-gEECAAQJg!16s%2Fg%2F11h5rl20_p?entry=ttu&g_ep=EgoyMDI2MDUwMi4wIKXMDSoASAFQAw%3D%3D",2026-05-07 16:35,
Le Music Studio,recording studio,Chennai,"3rd Street Vinyagapuram, MMDA Colony, Arumbakkam, Chennai, Tamil Nadu 600106",087549 95800,,4.9,,"https://www.google.com/maps/place/Le+Music+Studio/@13.0460371,80.0923095,12z/data=!4m10!1m2!2m1!1srecording+studio+in+Chennai,+Tamil+Nadu!3m6!1s0x3a526695f1ad6073:0xbc9222993064d410!8m2!3d13.0618721!4d80.2103454!15sCidyZWNvcmRpbmcgc3R1ZGlvIGluIENoZW5uYWksIFRhbWlsIE5hZHVaKCImcmVjb3JkaW5nIHN0dWRpbyBpbiBjaGVubmFpIHRhbWlsIG5hZHWSARByZWNvcmRpbmdfc3R1ZGlvmgFEQ2k5RFFVbFJRVU52WkVOb2RIbGpSamx2VDIwMGVWcEdiRmhsUkdRd1VWUkJNMHhVVGxWTmJIQnZXVzVLUldNell4QULgAQD6AQQIABA8!16s%2Fg%2F11c6sl33n7?entry=ttu&g_ep=EgoyMDI2MDUwMi4wIKXMDSoASAFQAw%3D%3D",2026-05-07 16:35,
Seven Sounds Recording Studio,recording studio,Chennai,"F4, First Floor, Shanmuga Flats, 1st St, Thirunagar, Alagiri Nagar, Vadapalani, Chennai, Tamil Nadu 600026",087548 12263,,4.8,,"https://www.google.com/maps/place/Seven+Sounds+Recording+Studio/@13.0460371,80.0923095,12z/data=!3m1!5s0x3a5266eb052164df:0x2b0db2c9ade18110!4m10!1m2!2m1!1srecording+studio+in+Chennai,+Tamil+Nadu!3m6!1s0x3a5267b1c33e1fa3:0x50555eef53b8bc84!8m2!3d13.054986!4d80.2134595!15sCidyZWNvcmRpbmcgc3R1ZGlvIGluIENoZW5uYWksIFRhbWlsIE5hZHVaKCImcmVjb3JkaW5nIHN0dWRpbyBpbiBjaGVubmFpIHRhbWlsIG5hZHWSARByZWNvcmRpbmdfc3R1ZGlvmgEkQ2hkRFNVaE5NRzluUzBWSlEwRm5TVU53YlVwZk5sOUJSUkFC4AEA-gEECAAQSA!16s%2Fg%2F11p17tvfv_?entry=ttu&g_ep=EgoyMDI2MDUwMi4wIKXMDSoASAFQAw%3D%3D",2026-05-07 16:35,
Studio Uno Records,recording studio,Chennai,"15, 57, 2nd Main Rd, Sri Ayyappa Nagar, Chinmaya Nagar Stage II Extension, Kumaran Nagar, Sri Iyappa Nagar, Chennai, Tamil Nadu 600092",093848 37375,http://studiounorecords.com/,4.9,,"https://www.google.com/maps/place/Studio+Uno+Records/@13.0460371,80.0923095,12z/data=!4m10!1m2!2m1!1srecording+studio+in+Chennai,+Tamil+Nadu!3m6!1s0x3a52673d6325f381:0x310ab73356054105!8m2!3d13.063173!4d80.192303!15sCidyZWNvcmRpbmcgc3R1ZGlvIGluIENoZW5uYWksIFRhbWlsIE5hZHVaKCImcmVjb3JkaW5nIHN0dWRpbyBpbiBjaGVubmFpIHRhbWlsIG5hZHWSARByZWNvcmRpbmdfc3R1ZGlvmgEkQ2hkRFNVaE5NRzluUzBWSlEwRm5TVU5FTFhCcGVHMW5SUkFC4AEA-gEECAAQLQ!16s%2Fg%2F11h23_7qjw?entry=ttu&g_ep=EgoyMDI2MDUwMi4wIKXMDSoASAFQAw%3D%3D",2026-05-07 16:35,studiounorecords@gmail.com
Think Future Studios,recording studio,Chennai,"168, S Ganesan St, Janaki Nagar, Alwartirunagar, Valasaravakkam, Chennai, Tamil Nadu 600087",063829 89592,,4.8,,"https://www.google.com/maps/place/Think+Future+Studios/@13.0460371,80.0923095,12z/data=!4m10!1m2!2m1!1srecording+studio+in+Chennai,+Tamil+Nadu!3m6!1s0x3a5261250f3c760f:0x89693394a34330ea!8m2!3d13.0412607!4d80.1838989!15sCidyZWNvcmRpbmcgc3R1ZGlvIGluIENoZW5uYWksIFRhbWlsIE5hZHVaKCImcmVjb3JkaW5nIHN0dWRpbyBpbiBjaGVubmFpIHRhbWlsIG5hZHWSARByZWNvcmRpbmdfc3R1ZGlv4AEA!16s%2Fg%2F11c4jg4x56?entry=ttu&g_ep=EgoyMDI2MDUwMi4wIKXMDSoASAFQAw%3D%3D",2026-05-07 16:35,
Contrabass Music Studios,recording studio,Chennai,"Flat No. 46/52, Ground Floor, Janakiraman Colony Main Street, opp. to Syndicate Bank, Arumbakkam, Chennai, Tamil Nadu 600106",072999 86267,https://contrabassmusicstudios.com/,4.9,,"https://www.google.com/maps/place/Contrabass+Music+Studios/@13.0460371,80.0923095,12z/data=!4m10!1m2!2m1!1srecording+studio+in+Chennai,+Tamil+Nadu!3m6!1s0x3a5266a4001656d3:0x8b6ad7117ac71d5a!8m2!3d13.0739699!4d80.2041497!15sCidyZWNvcmRpbmcgc3R1ZGlvIGluIENoZW5uYWksIFRhbWlsIE5hZHVaKCImcmVjb3JkaW5nIHN0dWRpbyBpbiBjaGVubmFpIHRhbWlsIG5hZHWSARByZWNvcmRpbmdfc3R1ZGlv4AEA!16s%2Fg%2F11g8f_dqyk?entry=ttu&g_ep=EgoyMDI2MDUwMi4wIKXMDSoASAFQAw%3D%3D",2026-05-07 16:35,hello@domainsite.com
AM Studios,recording studio,Chennai,"23, 5th St, Dr.Subbaraya Nagar, Kodambakkam, Chennai, Tamil Nadu 600024",,,4.7,,"https://www.google.com/maps/place/AM+Studios/@13.0460371,80.0923095,12z/data=!4m10!1m2!2m1!1srecording+studio+in+Chennai,+Tamil+Nadu!3m6!1s0x3a5266ef58e1b009:0x5f35c033868f33d9!8m2!3d13.0461908!4d80.2178936!15sCidyZWNvcmRpbmcgc3R1ZGlvIGluIENoZW5uYWksIFRhbWlsIE5hZHVaKCImcmVjb3JkaW5nIHN0dWRpbyBpbiBjaGVubmFpIHRhbWlsIG5hZHWSARByZWNvcmRpbmdfc3R1ZGlvmgFEQ2k5RFFVbFJRVU52WkVOb2RIbGpSamx2VDJ4c2QyRnNaRVZYYlZwTlRGVnplVTlGTlZWWmFsWnRZMnBSTTJSdVl4QULgAQD6AQQIABAc!16zL20vMDM1c25o?entry=ttu&g_ep=EgoyMDI2MDUwMi4wIKXMDSoASAFQAw%3D%3D",2026-05-07 16:35,
Atrium Sound Studios,recording studio,Chennai,"4, Nyaniappan St, Jeth Nagar, Mandaveli, Chennai, Tamil Nadu 600028",075500 11045,,4.9,,"https://www.google.com/maps/place/Atrium+Sound+Studios/@13.0460371,80.0923095,12z/data=!4m10!1m2!2m1!1srecording+studio+in+Chennai,+Tamil+Nadu!3m6!1s0x3a5267402eb24397:0xd012024e4168e90e!8m2!3d13.0295069!4d80.2624139!15sCidyZWNvcmRpbmcgc3R1ZGlvIGluIENoZW5uYWksIFRhbWlsIE5hZHVaKCImcmVjb3JkaW5nIHN0dWRpbyBpbiBjaGVubmFpIHRhbWlsIG5hZHWSARByZWNvcmRpbmdfc3R1ZGlv4AEA!16s%2Fg%2F11j81j6y2t?entry=ttu&g_ep=EgoyMDI2MDUwMi4wIKXMDSoASAFQAw%3D%3D",2026-05-07 16:35,
Studio H,recording studio,Chennai,"64, Rukmani Devi St, Indira Nagar, Valasaravakkam, Chennai, Tamil Nadu 600087",099401 65889,,4.6,,"https://www.google.com/maps/place/Studio+H/@13.0460371,80.0923095,12z/data=!4m10!1m2!2m1!1srecording+studio+in+Chennai,+Tamil+Nadu!3m6!1s0x3a52612f151e8ef1:0x4d34f61146da646e!8m2!3d13.0402957!4d80.1779379!15sCidyZWNvcmRpbmcgc3R1ZGlvIGluIENoZW5uYWksIFRhbWlsIE5hZHVaKCImcmVjb3JkaW5nIHN0dWRpbyBpbiBjaGVubmFpIHRhbWlsIG5hZHWSARByZWNvcmRpbmdfc3R1ZGlvmgFEQ2k5RFFVbFJRVU52WkVOb2RIbGpSamx2VDJ0WmRGa3dSa1JSVkZsNlRWVktUazV1VG1GUFJsWnZZMnBCTVZJeVl4QULgAQD6AQQIKhA6!16s%2Fg%2F11c2k3j2zw?entry=ttu&g_ep=EgoyMDI2MDUwMi4wIKXMDSoASAFQAw%3D%3D",2026-05-07 16:36,
Digi Sound Studio - Recording Studio in Chennai,recording studio,Chennai,"Gandhi Nagar, Adyar, Chennai, Tamil Nadu 600020",098841 45966,http://www.digisoundstudio.com/,4.6,,"https://www.google.com/maps/place/Digi+Sound+Studio+-+Recording+Studio+in+Chennai/@13.0460371,80.0923095,12z/data=!4m10!1m2!2m1!1srecording+studio+in+Chennai,+Tamil+Nadu!3m6!1s0x3a5267951bc71fd1:0xe8f666dab99b048f!8m2!3d13.010794!4d80.252606!15sCidyZWNvcmRpbmcgc3R1ZGlvIGluIENoZW5uYWksIFRhbWlsIE5hZHVaKCImcmVjb3JkaW5nIHN0dWRpbyBpbiBjaGVubmFpIHRhbWlsIG5hZHWSARByZWNvcmRpbmdfc3R1ZGlvmgEjQ2haRFNVaE5NRzluUzBWSlEwRm5TVU5VYjNCTWVsRkJFQUXgAQD6AQQIABBI!16s%2Fg%2F1tgh1dgy?entry=ttu&g_ep=EgoyMDI2MDUwMi4wIKXMDSoASAFQAw%3D%3D",2026-05-07 16:36,
3 Dot Recording Studios - Dolby Atmos He Renderer (Music Director S. J. Jananiy Studio),recording studio,Chennai,"Third Floor, J.V.L. Arcade, 16 & 19, N Usman Rd, Parthsarathy Puram, Parthasarathi Puram, T. Nagar, Chennai, Tamil Nadu 600017",088259 35746,http://3dotrecordingstudios.com/,5.0,,"https://www.google.com/maps/place/3+Dot+Recording+Studios+-+Dolby+Atmos+He+Renderer+(Music+Director+S.+J.+Jananiy+Studio)/@13.0460371,80.0923095,12z/data=!3m1!5s0x3a52673e880b03af:0xc5f2700d929992cb!4m10!1m2!2m1!1srecording+studio+in+Chennai,+Tamil+Nadu!3m6!1s0x3a526734c7a90de9:0x6fea3261ec9f9d46!8m2!3d13.052941!4d80.2341681!15sCidyZWNvcmRpbmcgc3R1ZGlvIGluIENoZW5uYWksIFRhbWlsIE5hZHVaKCImcmVjb3JkaW5nIHN0dWRpbyBpbiBjaGVubmFpIHRhbWlsIG5hZHWSARByZWNvcmRpbmdfc3R1ZGlv4AEA!16s%2Fg%2F11mw8m1lx5?entry=ttu&g_ep=EgoyMDI2MDUwMi4wIKXMDSoASAFQAw%3D%3D",2026-05-07 16:36,3dotrecordingstudios@gmail.com
Sound Parti Studios,recording studio,Chennai,"27/11, 2nd Cross St, CIT Nagar West, CIT Nagar, Chennai, Tamil Nadu 600035",091769 98987,https://soundpartistudios.com/,4.8,,"https://www.google.com/maps/place/Sound+Parti+Studios/@13.0460371,80.0923095,12z/data=!4m10!1m2!2m1!1srecording+studio+in+Chennai,+Tamil+Nadu!3m6!1s0x3a52671ef83a349b:0x417154892249139e!8m2!3d13.0273502!4d80.2285075!15sCidyZWNvcmRpbmcgc3R1ZGlvIGluIENoZW5uYWksIFRhbWlsIE5hZHVaKCImcmVjb3JkaW5nIHN0dWRpbyBpbiBjaGVubmFpIHRhbWlsIG5hZHWSARByZWNvcmRpbmdfc3R1ZGlv4AEA!16s%2Fg%2F1q63cjq93?entry=ttu&g_ep=EgoyMDI2MDUwMi4wIKXMDSoASAFQAw%3D%3D",2026-05-07 16:36,enquiry@soundpartistudios.com
"Surang Studio - A Complete Digital Audio & Video Production Suite (VideoShoot, Editing & Audio Recording, Dubbing) A to Z",recording studio,Chennai,"Aalayam Space #4 3rd Floor, Ananda Rd, Alwarpet, Chennai, Tamil Nadu 600018",098410 12512,https://www.instagram.com/surang_studios/,4.7,,"https://www.google.com/maps/place/Surang+Studio+-+A+Complete+Digital+Audio+%26+Video+Production+Suite+(VideoShoot,+Editing+%26+Audio+Recording,+Dubbing)+A+to+Z/@13.0460371,80.0923095,12z/data=!4m10!1m2!2m1!1srecording+studio+in+Chennai,+Tamil+Nadu!3m6!1s0x3a5267cae7255555:0xd07ca088efe42d43!8m2!3d13.0346535!4d80.2546286!15sCidyZWNvcmRpbmcgc3R1ZGlvIGluIENoZW5uYWksIFRhbWlsIE5hZHVaKCImcmVjb3JkaW5nIHN0dWRpbyBpbiBjaGVubmFpIHRhbWlsIG5hZHWSARByZWNvcmRpbmdfc3R1ZGlv4AEA!16s%2Fg%2F11cky6ryxl?entry=ttu&g_ep=EgoyMDI2MDUwMi4wIKXMDSoASAFQAw%3D%3D",2026-05-07 16:36,
Illucus,advertising agency,Bengaluru,"34, 21st Cross road, 16th Main Rd, BTM Layout 2nd Stage, Bengaluru, Karnataka 560076",063647 28007,https://www.illucus.com/,4.9,,"https://www.google.com/maps/place/Illucus/@12.9739801,75.2015049,8z/data=!4m10!1m2!2m1!1sadvertising+agency+in+Bengaluru,+Kerala!3m6!1s0x3bae15069e209481:0x45489a198e6c2756!8m2!3d12.9060464!4d77.6123303!15sCidhZHZlcnRpc2luZyBhZ2VuY3kgaW4gQmVuZ2FsdXJ1LCBLZXJhbGFaKCImYWR2ZXJ0aXNpbmcgYWdlbmN5IGluIGJlbmdhbHVydSBrZXJhbGGSARBtYXJrZXRpbmdfYWdlbmN54AEA!16s%2Fg%2F11lfgx6_y8?entry=ttu&g_ep=EgoyMDI2MDUwMi4wIKXMDSoASAFQAw%3D%3D",2026-05-07 16:36,info@illucus.com
Avinashi Ads Outdoor Advertising Company,advertising agency,Bengaluru,"No. 8A (42), 4th Floor, 2nd Main Rd, Yeshwanthpur Industrial Area, Raghavendra Layout, Yeswanthpur, Bengaluru, Karnataka 560022",094494 45577,https://avinashiads.com/,4.8,,"https://www.google.com/maps/place/Avinashi+Ads+Outdoor+Advertising+Company/@12.9739801,75.2015049,8z/data=!4m10!1m2!2m1!1sadvertising+agency+in+Bengaluru,+Kerala!3m6!1s0x3bae3d2d8f52dacb:0xede90574635f710a!8m2!3d13.0282913!4d77.5448019!15sCidhZHZlcnRpc2luZyBhZ2VuY3kgaW4gQmVuZ2FsdXJ1LCBLZXJhbGFaKCImYWR2ZXJ0aXNpbmcgYWdlbmN5IGluIGJlbmdhbHVydSBrZXJhbGGSARJhZHZlcnRpc2luZ19hZ2VuY3ngAQA!16s%2Fg%2F11hdpg8rr_?entry=ttu&g_ep=EgoyMDI2MDUwMi4wIKXMDSoASAFQAw%3D%3D",2026-05-07 16:36,servicing@avinashiads.in
AdTaken Pvt Ltd,advertising agency,Bengaluru,"Building No Third Floor, 286F+J47 Vijaya Complex, 30/771, Thrikkakara, Chembumukku, Edappally, Kochi, Kakkanad, Kerala 682021",070719 96666,https://adtaken.com/,4.9,,"https://www.google.com/maps/place/AdTaken+Pvt+Ltd/@10.0115625,74.0156836,8z/data=!4m10!1m2!2m1!1sadvertising+agency+in+Bengaluru,+Kerala!3m6!1s0x3b080ddd6e1c5c91:0x6414bf03facaabd8!8m2!3d10.0115625!4d76.3228125!15sCidhZHZlcnRpc2luZyBhZ2VuY3kgaW4gQmVuZ2FsdXJ1LCBLZXJhbGFaKCImYWR2ZXJ0aXNpbmcgYWdlbmN5IGluIGJlbmdhbHVydSBrZXJhbGGSARJhZHZlcnRpc2luZ19hZ2VuY3ngAQA!16s%2Fg%2F11rgq97lk6?entry=ttu&g_ep=EgoyMDI2MDUwMi4wIKXMDSoASAFQAw%3D%3D",2026-05-07 16:36,info@adtaken.com
Zasha Advertising,advertising agency,Bengaluru,"4th Floor, SGR Plaza, Marathahalli Main Rd, above Federal Bank, Marathahalli Village, Marathahalli, Bengaluru, Karnataka 560037",095388 96388,http://www.zasha.co.in/,4.9,,"https://www.google.com/maps/place/Zasha+Advertising/@12.956226,75.3881011,8z/data=!4m10!1m2!2m1!1sadvertising+agency+in+Bengaluru,+Kerala!3m6!1s0x3bae13cc6b33b195:0xac5be0ce9990a37c!8m2!3d12.956226!4d77.69523!15sCidhZHZlcnRpc2luZyBhZ2VuY3kgaW4gQmVuZ2FsdXJ1LCBLZXJhbGFaKCImYWR2ZXJ0aXNpbmcgYWdlbmN5IGluIGJlbmdhbHVydSBrZXJhbGGSARJhZHZlcnRpc2luZ19hZ2VuY3maASRDaGREU1VoTk1HOW5TMFZKUTBGblNVUlBNR1Z4WkdoM1JSQULgAQD6AQQIJhAo!16s%2Fg%2F11g8p666db?entry=ttu&g_ep=EgoyMDI2MDUwMi4wIKXMDSoASAFQAw%3D%3D",2026-05-07 16:36,rajesh@zasha.co.in
The Media Ant,advertising agency,Bengaluru,"187, 9th Cross Rd, Binnamangala, Hoysala Nagar, Indiranagar, Bengaluru, Karnataka 560038",080674 15510,https://www.themediaant.com/,4.6,,"https://www.google.com/maps/place/The+Media+Ant/@12.956226,75.3881011,8z/data=!4m10!1m2!2m1!1sadvertising+agency+in+Bengaluru,+Kerala!3m6!1s0x3bae14109eb17111:0xf2c8edc825d4cf25!8m2!3d12.978875!4d77.6394947!15sCidhZHZlcnRpc2luZyBhZ2VuY3kgaW4gQmVuZ2FsdXJ1LCBLZXJhbGFaKCImYWR2ZXJ0aXNpbmcgYWdlbmN5IGluIGJlbmdhbHVydSBrZXJhbGGSARJhZHZlcnRpc2luZ19hZ2VuY3ngAQA!16s%2Fg%2F11_rl_td9?entry=ttu&g_ep=EgoyMDI2MDUwMi4wIKXMDSoASAFQAw%3D%3D",2026-05-07 16:36,ad@themediaant.com
Bud Creative Ad Agency,advertising agency,Bengaluru,"1st, Floor, 826, 3rd Cross Rd, HRBR Layout 1st Block, HRBR Layout, Kalyan Nagar, Bengaluru, Karnataka 560043",098868 33138,http://www.budindia.com/,4.4,,"https://www.google.com/maps/place/Bud+Creative+Ad+Agency/@12.956226,75.3881011,8z/data=!4m10!1m2!2m1!1sadvertising+agency+in+Bengaluru,+Kerala!3m6!1s0x3bae16d6bc43d77b:0xc4202b48149ccb05!8m2!3d13.0179347!4d77.6463172!15sCidhZHZlcnRpc2luZyBhZ2VuY3kgaW4gQmVuZ2FsdXJ1LCBLZXJhbGFaKCImYWR2ZXJ0aXNpbmcgYWdlbmN5IGluIGJlbmdhbHVydSBrZXJhbGGSARJhZHZlcnRpc2luZ19hZ2VuY3ngAQA!16s%2Fg%2F1hm5kb5vk?entry=ttu&g_ep=EgoyMDI2MDUwMi4wIKXMDSoASAFQAw%3D%3D",2026-05-07 16:36,manoj@budindia.com
Inbounderz,advertising agency,Bengaluru,"3rd Floor, No 433, AMG Towers, 2nd Main Rd, near 7 Days Supermarket, Kasturi Nagar, Bengaluru, Karnataka 560043",081470 02753,http://www.inbounderz.com/,4.9,,"https://www.google.com/maps/place/Inbounderz/@12.956226,75.3881011,8z/data=!4m10!1m2!2m1!1sadvertising+agency+in+Bengaluru,+Kerala!3m6!1s0x3bae17be4d6fff5b:0x686750fe826b2aea!8m2!3d13.0087447!4d77.6581807!15sCidhZHZlcnRpc2luZyBhZ2VuY3kgaW4gQmVuZ2FsdXJ1LCBLZXJhbGFaKCImYWR2ZXJ0aXNpbmcgYWdlbmN5IGluIGJlbmdhbHVydSBrZXJhbGGSARppbnRlcm5ldF9tYXJrZXRpbmdfc2VydmljZeABAA!16s%2Fg%2F11h7nd1ypv?entry=ttu&g_ep=EgoyMDI2MDUwMi4wIKXMDSoASAFQAw%3D%3D",2026-05-07 16:36,info@inbounderz.com
Superfast ads Agency (Flyer distribution and printting),advertising agency,Bengaluru,"86, 7th G main, opp. Base pu college, 3rd Block, Shivanagar, Basaveshwar Nagar, Bengaluru, Karnataka 560079",095910 92666,http://superfastads.in/,4.9,,"https://www.google.com/maps/place/Superfast+ads+Agency+(Flyer+distribution+and+printting)/@12.956226,75.3881011,8z/data=!4m10!1m2!2m1!1sadvertising+agency+in+Bengaluru,+Kerala!3m6!1s0x3bae3d5e3bafb5a9:0x7b5d9f17dccb95dc!8m2!3d12.9912563!4d77.5457773!15sCidhZHZlcnRpc2luZyBhZ2VuY3kgaW4gQmVuZ2FsdXJ1LCBLZXJhbGFaKCImYWR2ZXJ0aXNpbmcgYWdlbmN5IGluIGJlbmdhbHVydSBrZXJhbGGSARBtYXJrZXRpbmdfYWdlbmN5mgEkQ2hkRFNVaE5NRzluUzBWSlEwRm5TVVJ3T1UwdFJtZG5SUkFC4AEA-gEFCNABED8!16s%2Fg%2F11pysczdwd?entry=ttu&g_ep=EgoyMDI2MDUwMi4wIKXMDSoASAFQAw%3D%3D",2026-05-07 16:36,
Hemito Digital Pvt Ltd - Digital Marketing Agency in Kochi | Social Media Marketing Kerala,advertising agency,Bengaluru,"642, 24th Main Rd, Marenahalli, 2nd Phase, J. P. Nagar, Bengaluru, Karnataka 560041",089219 92187,https://hemitodigital.com/,4.9,,"https://www.google.com/maps/place/Hemito+Digital+Pvt+Ltd+-+Digital+Marketing+Agency+in+Kochi+%7C+Social+Media+Marketing+Kerala/@12.956226,75.3881011,8z/data=!4m10!1m2!2m1!1sadvertising+agency+in+Bengaluru,+Kerala!3m6!1s0x3bae150e0efb8925:0x789cd0a7132c7e3e!8m2!3d12.9167137!4d77.5855282!15sCidhZHZlcnRpc2luZyBhZ2VuY3kgaW4gQmVuZ2FsdXJ1LCBLZXJhbGGSARppbnRlcm5ldF9tYXJrZXRpbmdfc2VydmljZeABAA!16s%2Fg%2F11rkl8h104?entry=ttu&g_ep=EgoyMDI2MDUwMi4wIKXMDSoASAFQAw%3D%3D",2026-05-07 16:36,sales@hemitodigital.com
Sugarify Advertising Pvt. Ltd,advertising agency,Bengaluru,"1st Floor, Vinisree C4, near Onampark, Mavelipuram, Thrikkakara, Vazhakkala, Kakkanad, Kerala 682030",096056 09596,https://www.sugarify.agency/?utm_source=google&utm_medium=wix_google_business_profile&utm_campaign=9431709342052975931,5.0,,"https://www.google.com/maps/place/Sugarify+Advertising+Pvt.+Ltd/@10.021449,74.0348539,8z/data=!4m10!1m2!2m1!1sadvertising+agency+in+Bengaluru,+Kerala!3m6!1s0x3b080d2c3bea6263:0x4581a0e27665bb69!8m2!3d10.021449!4d76.3419828!15sCidhZHZlcnRpc2luZyBhZ2VuY3kgaW4gQmVuZ2FsdXJ1LCBLZXJhbGFaKCImYWR2ZXJ0aXNpbmcgYWdlbmN5IGluIGJlbmdhbHVydSBrZXJhbGGSARJhZHZlcnRpc2luZ19hZ2VuY3maASNDaFpEU1VoTk1HOW5TMFZKUTBGblNVUnVhbVZVTkUxM0VBReABAPoBBAhmECU!16s%2Fg%2F11sv8j5sj3?entry=ttu&g_ep=EgoyMDI2MDUwMi4wIKXMDSoASAFQAw%3D%3D",2026-05-07 16:36,hr@sugarify.agency
DigiBrood,advertising agency,Bengaluru,"4,5, Vibgyor Net - Connections, Novel Tech Park, 46/4 K No 661/3 1114/3, Nyanappana Halli, Garvebhavi Palya, Bengaluru, Karnataka 560076",087775 71887,https://bangalore.digibrood.in/,4.8,,"https://www.google.com/maps/place/DigiBrood/@12.8793332,75.3029392,8z/data=!4m10!1m2!2m1!1sadvertising+agency+in+Bengaluru,+Kerala!3m6!1s0x3bae15acfabf46bb:0x5a75397f70c82119!8m2!3d12.8793332!4d77.6100681!15sCidhZHZlcnRpc2luZyBhZ2VuY3kgaW4gQmVuZ2FsdXJ1LCBLZXJhbGFaKCImYWR2ZXJ0aXNpbmcgYWdlbmN5IGluIGJlbmdhbHVydSBrZXJhbGGSARJhZHZlcnRpc2luZ19hZ2VuY3ngAQA!16s%2Fg%2F11ppgj0qxy?entry=ttu&g_ep=EgoyMDI2MDUwMi4wIKXMDSoASAFQAw%3D%3D",2026-05-07 16:36,
Spoorthi Ads,advertising agency,Bengaluru,"111B/1,1 Floor, 39Cross, 10th Main Rd, Opp: MedPlus, 2nd Block, Rajajinagar, Bengaluru, Karnataka 560010",099455 97155,http://www.spoorthiads.com/,4.8,,"https://www.google.com/maps/place/Spoorthi+Ads/@12.8793332,75.3029392,8z/data=!4m10!1m2!2m1!1sadvertising+agency+in+Bengaluru,+Kerala!3m6!1s0x3bae3d8e4175c0f1:0xa3278f8e3a5f9169!8m2!3d12.9905712!4d77.5559722!15sCidhZHZlcnRpc2luZyBhZ2VuY3kgaW4gQmVuZ2FsdXJ1LCBLZXJhbGFaKCImYWR2ZXJ0aXNpbmcgYWdlbmN5IGluIGJlbmdhbHVydSBrZXJhbGGSARJhZHZlcnRpc2luZ19hZ2VuY3ngAQA!16s%2Fg%2F11gf9fc2zb?entry=ttu&g_ep=EgoyMDI2MDUwMi4wIKXMDSoASAFQAw%3D%3D",2026-05-07 16:36,enquiry@spoorthiads.com
Mahageeta Music Company,music label,Hyderabad,"5-4-670/B, 2nd floor Sri DurgaNilayam, Nampally Station Rd, next to BJP Office, Abids, Hyderabad, Telangana 500001",040 6460 1453,http://www.mahageetamusic.com/?utm_source=google&utm_medium=wix_google_business_profile&utm_campaign=15907247440821523488,4.9,,"https://www.google.com/maps/place/Mahageeta+Music+Company/@13.7543195,77.4735935,7z/data=!3m1!5s0x3bcb977dc6af5ff3:0x51afa3fdb5c8379e!4m10!1m2!2m1!1smusic+label+in+Hyderabad,+Kerala!3m6!1s0x3bcb977dc43d12cd:0x8fe1531b94511c3b!8m2!3d17.3876065!4d78.4733719!15sCiBtdXNpYyBsYWJlbCBpbiBIeWRlcmFiYWQsIEtlcmFsYZIBDm11c2ljX3Byb2R1Y2Vy4AEA!16s%2Fg%2F1w3451zg?entry=ttu&g_ep=EgoyMDI2MDUwMi4wIKXMDSoASAFQAw%3D%3D",2026-05-07 16:37,sales@mahageetamusic.com
Aditya Music,music label,Hyderabad,"3-5-1091/7, Venkateswara Colony, Narayanguda, Hyderabad, Telangana 500029",040 2475 1801,http://www.adityamusic.com/,4.2,,"https://www.google.com/maps/place/Aditya+Music/@17.3876065,73.8591141,7z/data=!4m10!1m2!2m1!1smusic+label+in+Hyderabad,+Kerala!3m6!1s0x3bcb99c59f5b128b:0x79719c3db9ba939c!8m2!3d17.3949667!4d78.489353!15sCiBtdXNpYyBsYWJlbCBpbiBIeWRlcmFiYWQsIEtlcmFsYVohIh9tdXNpYyBsYWJlbCBpbiBoeWRlcmFiYWQga2VyYWxhkgEOcmVjb3JkX2NvbXBhbnmaASRDaGREU1VoTk1HOW5TMFZKUTBGblNVTmxNSEEyUm5wblJSQULgAQD6AQQIABAV!16s%2Fg%2F1vd6_spm?entry=ttu&g_ep=EgoyMDI2MDUwMi4wIKXMDSoASAFQAw%3D%3D",2026-05-07 16:37,
YnP Musiq Studios,music label,Hyderabad,"Plot No.14, Rd Number 2, behind Badrachalam Cafe, Women's Welfare Housing Society, Jubilee Hills, Hyderabad, Telangana 500033",098663 13137,https://calendly.com/ynpmusiqstudios/bookusnow,5.0,,"https://www.google.com/maps/place/YnP+Musiq+Studios/@17.3876065,73.8591141,7z/data=!4m10!1m2!2m1!1smusic+label+in+Hyderabad,+Kerala!3m6!1s0x3bcb99a79c86ff01:0x97075fd4c454be83!8m2!3d17.4304582!4d78.4240318!15sCiBtdXNpYyBsYWJlbCBpbiBIeWRlcmFiYWQsIEtlcmFsYVohIh9tdXNpYyBsYWJlbCBpbiBoeWRlcmFiYWQga2VyYWxhkgEQcmVjb3JkaW5nX3N0dWRpb5oBI0NoWkRTVWhOTUc5blMwVkpRMEZuU1VSb2Qxa3piRXhCRUFF4AEA-gEECAAQPw!16s%2Fg%2F11fjyvj1cz?entry=ttu&g_ep=EgoyMDI2MDUwMi4wIKXMDSoASAFQAw%3D%3D",2026-05-07 16:37,
Yuga Digital,music label,Hyderabad,"14/291 H, Suite 53E, 1st Floor, A Square Building Edathala P O, Kuzhivelippady, Kochi, Kerala 683561",062827 34529,http://www.yugadigital.in/,4.8,,"https://www.google.com/maps/place/Yuga+Digital/@10.0493159,71.7576451,7z/data=!4m10!1m2!2m1!1smusic+label+in+Hyderabad,+Kerala!3m6!1s0x3b080b1dacac30ff:0x603659c1134ba79a!8m2!3d10.0493159!4d76.3719029!15sCiBtdXNpYyBsYWJlbCBpbiBIeWRlcmFiYWQsIEtlcmFsYVohIh9tdXNpYyBsYWJlbCBpbiBoeWRlcmFiYWQga2VyYWxhkgEebXVzaWNfbWFuYWdlbWVudF9hbmRfcHJvbW90aW9umgEkQ2hkRFNVaE5NRzluUzBWSlEwRm5TVU5sTlhFMlpUZG5SUkFC4AEA-gEECAAQKQ!16s%2Fg%2F11t6wsrx7_?entry=ttu&g_ep=EgoyMDI2MDUwMi4wIKXMDSoASAFQAw%3D%3D",2026-05-07 16:37,bussness.yuga@gmail.com
SABARI MUSIC,music label,Hyderabad,"Suite 306, Raichandani Square, Golden Mile Rd, Kokapet, Hyderabad, Telangana 500075",080087 94041,https://www.sabarimusic.com/,5.0,,"https://www.google.com/maps/place/SABARI+MUSIC/@17.3922851,73.7243154,7z/data=!4m10!1m2!2m1!1smusic+label+in+Hyderabad,+Kerala!3m6!1s0x3bcb95e3407e5521:0xa9ee52fe5f9fc231!8m2!3d17.3922851!4d78.3385732!15sCiBtdXNpYyBsYWJlbCBpbiBIeWRlcmFiYWQsIEtlcmFsYZIBD211c2ljX3B1Ymxpc2hlcuABAA!16s%2Fg%2F11w3_g6mr3?entry=ttu&g_ep=EgoyMDI2MDUwMi4wIKXMDSoASAFQAw%3D%3D",2026-05-07 16:37,contact@sabarimusic.com
Kerala Chenda Melam in Hyderabad,music label,Hyderabad,"Huda Sai Nagar Colony, Vanasthalipuram, Hyderabad, Telangana 500070",097036 66181,http://www.facebook.com/keralaChendamelaminHyderabad,4.8,,"https://www.google.com/maps/place/Kerala+Chenda+Melam+in+Hyderabad/@17.3922851,73.7243154,7z/data=!4m10!1m2!2m1!1smusic+label+in+Hyderabad,+Kerala!3m6!1s0x3bcba14fc6837b89:0xdbc34ba707444f53!8m2!3d17.3334162!4d78.5752841!15sCiBtdXNpYyBsYWJlbCBpbiBIeWRlcmFiYWQsIEtlcmFsYVohIh9tdXNpYyBsYWJlbCBpbiBoeWRlcmFiYWQga2VyYWxhkgEJb3JjaGVzdHJh4AEA!16s%2Fg%2F11h5pcpq71?entry=ttu&g_ep=EgoyMDI2MDUwMi4wIKXMDSoASAFQAw%3D%3D",2026-05-07 16:37,
Amma Kerala Band Chendamelam and Traditional Events,music label,Hyderabad,"Amma Kerala Band, 42-968, near Life Spring Hospital Road, Jawahar Nagar, Parisrama Nagar, Moula Ali, Secunderabad, Telangana 500040",096052 30666,https://ammakeralaband.odoo.com/,5.0,,"https://www.google.com/maps/place/Amma+Kerala+Band+Chendamelam+and+Traditional+Events/@17.3922851,73.7243154,7z/data=!4m10!1m2!2m1!1smusic+label+in+Hyderabad,+Kerala!3m6!1s0x3bcb9b407865a003:0xb546bb2ab0d714cf!8m2!3d17.4593231!4d78.5579766!15sCiBtdXNpYyBsYWJlbCBpbiBIeWRlcmFiYWQsIEtlcmFsYVohIh9tdXNpYyBsYWJlbCBpbiBoeWRlcmFiYWQga2VyYWxhkgEVcGVyZm9ybWluZ19hcnRzX2dyb3Vw4AEA!16s%2Fg%2F11xrckthxm?entry=ttu&g_ep=EgoyMDI2MDUwMi4wIKXMDSoASAFQAw%3D%3D",2026-05-07 16:37,
Sree Abheri Studios,music label,Hyderabad,"8-3-988/34/10/A, Srinagar Colony, SBH Colony, Yousufguda, Hyderabad, Telangana 500073",089193 58110,,4.8,,"https://www.google.com/maps/place/Sree+Abheri+Studios/@17.3922851,73.7243154,7z/data=!4m10!1m2!2m1!1smusic+label+in+Hyderabad,+Kerala!3m6!1s0x3bcb91e3a2c31649:0x66a330ca7a1ae384!8m2!3d17.4304862!4d78.4342178!15sCiBtdXNpYyBsYWJlbCBpbiBIeWRlcmFiYWQsIEtlcmFsYVohIh9tdXNpYyBsYWJlbCBpbiBoeWRlcmFiYWQga2VyYWxhkgEQcmVjb3JkaW5nX3N0dWRpb5oBI0NoWkRTVWhOTUc5blMwVkpRMEZuU1VONGR6bFRZbEpCRUFF4AEA-gEECAAQOg!16s%2Fg%2F11n72s57q1?entry=ttu&g_ep=EgoyMDI2MDUwMi4wIKXMDSoASAFQAw%3D%3D",2026-05-07 16:37,
Chinmai studios,music label,Hyderabad,"8-3-964, Srinagar Colony Main Rd, Nagarjuna Nagar colony, Yella Reddy Guda, Hyderabad, Telangana 500073",095022 33379,,4.7,,"https://www.google.com/maps/place/Chinmai+studios/@17.3922851,73.7243154,7z/data=!4m10!1m2!2m1!1smusic+label+in+Hyderabad,+Kerala!3m6!1s0x3bcb91d8e37a146f:0x6d4dd3576768fb04!8m2!3d17.4304372!4d78.4429182!15sCiBtdXNpYyBsYWJlbCBpbiBIeWRlcmFiYWQsIEtlcmFsYVohIh9tdXNpYyBsYWJlbCBpbiBoeWRlcmFiYWQga2VyYWxhkgEQcmVjb3JkaW5nX3N0dWRpb5oBRENpOURRVWxSUVVOdlpFTm9kSGxqUmpsdlQyMVdNMXB0ZURKa01rcERUVmN4YUU1NU1YcFRSVVpxVlVoa2NVMXVZeEFC4AEA-gEECDoQSg!16s%2Fg%2F11h3l0jd7g?entry=ttu&g_ep=EgoyMDI2MDUwMi4wIKXMDSoASAFQAw%3D%3D",2026-05-07 16:37,
Budget Lab Productions,film production house,Hyderabad,"FS9, 9th Floor, Heavenly Plaza, Civil Line Rd, Chembumukku, Edappally, Kakkanad, Kochi, Kerala 682021",099468 75942,http://budgetlab.in/,4.8,,"https://www.google.com/maps/place/Budget+Lab+Productions/@10.0137943,2.5024761,3z/data=!3m1!5s0x3b080cfaaafa02cb:0x58cbc608471c5215!4m10!1m2!2m1!1sfilm+production+house+in+Hyderabad,+Kerala!3m6!1s0x3b080de52be98055:0x7edcdab3bed8cd4b!8m2!3d10.0137943!4d76.3306011!15sCipmaWxtIHByb2R1Y3Rpb24gaG91c2UgaW4gSHlkZXJhYmFkLCBLZXJhbGFaKyIpZmlsbSBwcm9kdWN0aW9uIGhvdXNlIGluIGh5ZGVyYWJhZCBrZXJhbGGSARdmaWxtX3Byb2R1Y3Rpb25fY29tcGFueZoBRENpOURRVWxSUVVOdlpFTm9kSGxqUmpsdlQyNUJkRTV0Y3pGaE1VNVZWME14Y0dFemFIaE9WamxoVFZVNVVWRnVZeEFC4AEA-gEECAAQTA!16s%2Fg%2F11h938gtcv?entry=ttu&g_ep=EgoyMDI2MDUwMi4wIKXMDSoASAFQAw%3D%3D",2026-05-07 16:37,connect@budgetlab.in
Friday Film House,film production house,Hyderabad,"Door No: CC 27/2666, Yuvajana Samajam Road,, Lane 1,, Kadavanthra P.O, behind St. Jospeh Church, Kochi, Kerala 682020",090488 33883,,4.3,,"https://www.google.com/maps/place/Friday+Film+House/@10.0137943,2.5024761,3z/data=!4m10!1m2!2m1!1sfilm+production+house+in+Hyderabad,+Kerala!3m6!1s0x3b080d6dc5f2dc65:0x37b2c0c92ddcf0b1!8m2!3d9.9525315!4d76.3022042!15sCipmaWxtIHByb2R1Y3Rpb24gaG91c2UgaW4gSHlkZXJhYmFkLCBLZXJhbGGSARdmaWxtX3Byb2R1Y3Rpb25fY29tcGFueeABAA!16s%2Fg%2F1pzw_rh59?entry=ttu&g_ep=EgoyMDI2MDUwMi4wIKXMDSoASAFQAw%3D%3D",2026-05-07 16:37,
Aum productions,film production house,Hyderabad,"Near. Marymatha public school Thrikkakara, Merrymatha road, P O, Chembumukku, Edappally, Kochi, Kerala 682021",070124 13338,https://www.aumproduction.in/,4.9,,"https://www.google.com/maps/place/Aum+productions/@10.0137943,2.5024761,3z/data=!4m10!1m2!2m1!1sfilm+production+house+in+Hyderabad,+Kerala!3m6!1s0x3b080df9f2e350af:0xa9fedd47ee77c85c!8m2!3d10.0191208!4d76.3211164!15sCipmaWxtIHByb2R1Y3Rpb24gaG91c2UgaW4gSHlkZXJhYmFkLCBLZXJhbGFaKyIpZmlsbSBwcm9kdWN0aW9uIGhvdXNlIGluIGh5ZGVyYWJhZCBrZXJhbGGSARh2aWRlb19wcm9kdWN0aW9uX3NlcnZpY2WaASRDaGREU1VoTk1HOW5TMFZKUTBGblNVTjRibTlVYVhaUlJSQULgAQD6AQQIABAm!16s%2Fg%2F11r9cxyz6r?entry=ttu&g_ep=EgoyMDI2MDUwMi4wIKXMDSoASAFQAw%3D%3D",2026-05-07 16:37,aum4productions@gmail.com
Idearoots Films,film production house,Hyderabad,"Chakkalakal house Mealdoor p.o, Kerala 680741",086061 93476,https://www.idearootsfilms.com/,5.0,,"https://www.google.com/maps/place/Idearoots+Films/@10.0137943,2.5024761,3z/data=!4m10!1m2!2m1!1sfilm+production+house+in+Hyderabad,+Kerala!3m6!1s0x3b0805fa3d36082b:0xdca459b59fe01aa5!8m2!3d10.2317569!4d76.2987139!15sCipmaWxtIHByb2R1Y3Rpb24gaG91c2UgaW4gSHlkZXJhYmFkLCBLZXJhbGGSARdmaWxtX3Byb2R1Y3Rpb25fY29tcGFueeABAA!16s%2Fg%2F11h6nhprr_?entry=ttu&g_ep=EgoyMDI2MDUwMi4wIKXMDSoASAFQAw%3D%3D",2026-05-07 16:37,info@idearootsfilms.com
S-Films Productions,film production house,Hyderabad,"#B-86, Journalist colony, Jubilee Hills,Opp.Andhra Bank, Apollo Hospital Branch, Hyderabad, Telangana 500096",,http://s-filmsproductions.com/,4.6,,"https://www.google.com/maps/place/S-Films+Productions/@10.0137943,2.5024761,3z/data=!4m10!1m2!2m1!1sfilm+production+house+in+Hyderabad,+Kerala!3m6!1s0x3bcb9137d5d720b7:0x918b1686da86f034!8m2!3d17.4159833!4d78.4123186!15sCipmaWxtIHByb2R1Y3Rpb24gaG91c2UgaW4gSHlkZXJhYmFkLCBLZXJhbGFaKyIpZmlsbSBwcm9kdWN0aW9uIGhvdXNlIGluIGh5ZGVyYWJhZCBrZXJhbGGSARdmaWxtX3Byb2R1Y3Rpb25fY29tcGFueZoBI0NoWkRTVWhOTUc5blMwVkpRMEZuU1VSR2VUWXRhVWRCRUFF4AEA-gEECAAQQQ!16s%2Fg%2F11clygnll1?entry=ttu&g_ep=EgoyMDI2MDUwMi4wIKXMDSoASAFQAw%3D%3D",2026-05-07 16:37,info@s-filmsproductions.com
Chitralekha Studios Pvt Ltd,film production house,Hyderabad,"#8-2-310/B/2,Geetanjali Residency Flat No. A-3 & A-4, Plot No.2 Navodaya Housing Society, Road No. 14, Banjara Hills, Hyderabad, Telangana 500034",072485 55555,https://chitralekhastudios.com/,4.4,,"https://www.google.com/maps/place/Chitralekha+Studios+Pvt+Ltd/@10.0137943,2.5024761,3z/data=!4m10!1m2!2m1!1sfilm+production+house+in+Hyderabad,+Kerala!3m6!1s0x3bcb90d47208c801:0x9f1e035e1db54130!8m2!3d17.4206168!4d78.4316773!15sCipmaWxtIHByb2R1Y3Rpb24gaG91c2UgaW4gSHlkZXJhYmFkLCBLZXJhbGFaKyIpZmlsbSBwcm9kdWN0aW9uIGhvdXNlIGluIGh5ZGVyYWJhZCBrZXJhbGGSARdmaWxtX3Byb2R1Y3Rpb25fY29tcGFueeABAA!16s%2Fg%2F1wj_4h5n?entry=ttu&g_ep=EgoyMDI2MDUwMi4wIKXMDSoASAFQAw%3D%3D",2026-05-07 16:37,ajit@chitralekhastudios.com
Corporate Film production company - Realm Studios,film production house,Hyderabad,"78, Bharani Layout, Ambedkar Nagar, Jubilee Hills, Hyderabad, Telangana 500096",099896 46437,https://www.realmstudios.in/,4.9,,"https://www.google.com/maps/place/Corporate+Film+production+company+-+Realm+Studios/@10.0137943,2.5024761,3z/data=!4m10!1m2!2m1!1sfilm+production+house+in+Hyderabad,+Kerala!3m6!1s0x3bcb973707694421:0xaeb712defc046379!8m2!3d17.4168133!4d78.399619!15sCipmaWxtIHByb2R1Y3Rpb24gaG91c2UgaW4gSHlkZXJhYmFkLCBLZXJhbGFaKyIpZmlsbSBwcm9kdWN0aW9uIGhvdXNlIGluIGh5ZGVyYWJhZCBrZXJhbGGSARh2aWRlb19wcm9kdWN0aW9uX3NlcnZpY2WaASRDaGREU1VoTk1HOW5TMFZKUTBGblNVTXRNWFZQY1dwblJSQULgAQD6AQUIngUQPA!16s%2Fg%2F11jl3hh044?entry=ttu&g_ep=EgoyMDI2MDUwMi4wIKXMDSoASAFQAw%3D%3D",2026-05-07 16:37,nags@realmstudios.in
"FILM CHANCE PRODUCTIONS | Auditions & Casting Calls | Get Chance in Movies, Serials and Short Films",film production house,Hyderabad,"Film Nagar Rd Number 15, Giani Zail Singh Nagar, Hakimpet, Hyderabad, Telangana 500096",099896 63147,https://www.howtogetchance.com/,4.3,,"https://www.google.com/maps/place/FILM+CHANCE+PRODUCTIONS+%7C+Auditions+%26+Casting+Calls+%7C+Get+Chance+in+Movies,+Serials+and+Short+Films/@10.0137943,2.5024761,3z/data=!4m10!1m2!2m1!1sfilm+production+house+in+Hyderabad,+Kerala!3m6!1s0x3bcb96b7fd309ced:0xb6eaf3d83df3b423!8m2!3d17.4124061!4d78.4068543!15sCipmaWxtIHByb2R1Y3Rpb24gaG91c2UgaW4gSHlkZXJhYmFkLCBLZXJhbGFaKyIpZmlsbSBwcm9kdWN0aW9uIGhvdXNlIGluIGh5ZGVyYWJhZCBrZXJhbGGSARdmaWxtX3Byb2R1Y3Rpb25fY29tcGFueZoBJENoZERTVWhOTUc5blMwVkpRMEZuU1VObGQxQnFSMjVCUlJBQuABAPoBBAgAEA8!16s%2Fg%2F11f045jqqf?entry=ttu&g_ep=EgoyMDI2MDUwMi4wIKXMDSoASAFQAw%3D%3D",2026-05-07 16:37,favicon@32.ico
Kathaka Creatives - Video Production Company in Hitech City,film production house,Hyderabad,"8-3-903/F/11, #A12, Pratap Nagar, Nagarjuna Nagar colony, Yella Reddy Guda, Hyderabad, Telangana 500073",091210 21695,https://www.kathakacreatives.com/,4.9,,"https://www.google.com/maps/place/Kathaka+Creatives+-+Video+Production+Company+in+Hitech+City/@10.0137943,2.5024761,3z/data=!4m10!1m2!2m1!1sfilm+production+house+in+Hyderabad,+Kerala!3m6!1s0x3bcb9160d322d00f:0x2a0b0fd77d975da1!8m2!3d17.4318131!4d78.4466726!15sCipmaWxtIHByb2R1Y3Rpb24gaG91c2UgaW4gSHlkZXJhYmFkLCBLZXJhbGGSARh2aWRlb19wcm9kdWN0aW9uX3NlcnZpY2XgAQA!16s%2Fg%2F11h8k_9l8r?entry=ttu&g_ep=EgoyMDI2MDUwMi4wIKXMDSoASAFQAw%3D%3D",2026-05-07 16:37,contact@kathakacreatives.com
Unlimit 3 Studios - An AI Film Production House - Filmmaking with Artificial Intelligence,film production house,Hyderabad,"Padmashali Township, Weavers Colony, Dammaiguda, Secunderabad, Telangana 500083",077298 99599,https://unlimit3studios.com/,4.8,,"https://www.google.com/maps/place/Unlimit+3+Studios+-+An+AI+Film+Production+House+-+Filmmaking+with+Artificial+Intelligence/@10.0137943,2.5024761,3z/data=!4m10!1m2!2m1!1sfilm+production+house+in+Hyderabad,+Kerala!3m6!1s0x3bcb96d5675667c7:0x3c80a19b671ffcb9!8m2!3d17.4943844!4d78.585171!15sCipmaWxtIHByb2R1Y3Rpb24gaG91c2UgaW4gSHlkZXJhYmFkLCBLZXJhbGGSARdmaWxtX3Byb2R1Y3Rpb25fY29tcGFueeABAA!16s%2Fg%2F11ckvfrh_6?entry=ttu&g_ep=EgoyMDI2MDUwMi4wIKXMDSoASAFQAw%3D%3D",2026-05-07 16:37,info@unlimit3studios.com
JSD Productions (India),film production house,Hyderabad,"B18/F4, Behind S.R.Nagar Police station, Sanjeeva Reddy Nagar, Hyderabad, Telangana 500016",099495 09117,http://www.jsdproductionsindia.com/,4.3,,"https://www.google.com/maps/place/JSD+Productions+(India)/@10.0137943,2.5024761,3z/data=!4m10!1m2!2m1!1sfilm+production+house+in+Hyderabad,+Kerala!3m6!1s0x3bcb90c6781cb7ab:0x6a45b1b56c10ccba!8m2!3d17.4395849!4d78.4468558!15sCipmaWxtIHByb2R1Y3Rpb24gaG91c2UgaW4gSHlkZXJhYmFkLCBLZXJhbGFaKyIpZmlsbSBwcm9kdWN0aW9uIGhvdXNlIGluIGh5ZGVyYWJhZCBrZXJhbGGSARdmaWxtX3Byb2R1Y3Rpb25fY29tcGFueeABAA!16s%2Fg%2F11cm1v7fsh?entry=ttu&g_ep=EgoyMDI2MDUwMi4wIKXMDSoASAFQAw%3D%3D",2026-05-07 16:37,
Digital Bricks VFX Studios,film production house,Hyderabad,"Chembumukku, Edappally, Ernakulam, Kakkanad, Kerala 682030",090374 71227,http://digitalbricksvfx.com/,4.4,,"https://www.google.com/maps/place/Digital+Bricks+VFX+Studios/@10.0137943,2.5024761,3z/data=!4m10!1m2!2m1!1sfilm+production+house+in+Hyderabad,+Kerala!3m6!1s0x3b080d1800015bd9:0x365c136639575040!8m2!3d10.0107743!4d76.3222192!15sCipmaWxtIHByb2R1Y3Rpb24gaG91c2UgaW4gSHlkZXJhYmFkLCBLZXJhbGFaKyIpZmlsbSBwcm9kdWN0aW9uIGhvdXNlIGluIGh5ZGVyYWJhZCBrZXJhbGGSARBhbmltYXRpb25fc3R1ZGlvmgEjQ2haRFNVaE5NRzluUzBWSlEwRm5TVU5zY0MwMmNHWm5FQUXgAQD6AQQIABAN!16s%2Fg%2F11h7d6_kgp?entry=ttu&g_ep=EgoyMDI2MDUwMi4wIKXMDSoASAFQAw%3D%3D",2026-05-07 16:37,official@digitalbricksvfx.com
First Frame,film production house,Hyderabad,"8-2-603, M/5, Mithila Nagar Road, Ibrahim Nagar, IAS Officers Quaters, Nandi Nagar, Banjara Hills, Hyderabad, Telangana 500034",080082 51115,,4.6,,"https://www.google.com/maps/place/First+Frame/@10.0137943,2.5024761,3z/data=!4m10!1m2!2m1!1sfilm+production+house+in+Hyderabad,+Kerala!3m6!1s0x3bcb96b42d4b9317:0x5c64688f9b04039b!8m2!3d17.418538!4d78.4360659!15sCipmaWxtIHByb2R1Y3Rpb24gaG91c2UgaW4gSHlkZXJhYmFkLCBLZXJhbGFaKyIpZmlsbSBwcm9kdWN0aW9uIGhvdXNlIGluIGh5ZGVyYWJhZCBrZXJhbGGSARdmaWxtX3Byb2R1Y3Rpb25fY29tcGFueZoBI0NoWkRTVWhOTUc5blMwVkpRMEZuU1VNdGRWbDJUbE5CRUFF4AEA-gEECAAQMw!16s%2Fg%2F11cl_z_tv4?entry=ttu&g_ep=EgoyMDI2MDUwMi4wIKXMDSoASAFQAw%3D%3D",2026-05-07 16:37,
Swadharm Entertainment,film production house,Hyderabad,"Rd Number 5L, Panchavati Layout, Manikonda, Hyderabad, Telangana 500089",,,4.9,,"https://www.google.com/maps/place/Swadharm+Entertainment/@10.0137943,2.5024761,3z/data=!4m10!1m2!2m1!1sfilm+production+house+in+Hyderabad,+Kerala!3m6!1s0x3bcb957d9d43ca77:0x62996fea95af3692!8m2!3d17.4110856!4d78.381105!15sCipmaWxtIHByb2R1Y3Rpb24gaG91c2UgaW4gSHlkZXJhYmFkLCBLZXJhbGFaKyIpZmlsbSBwcm9kdWN0aW9uIGhvdXNlIGluIGh5ZGVyYWJhZCBrZXJhbGGSARdmaWxtX3Byb2R1Y3Rpb25fY29tcGFueZoBRENpOURRVWxSUVVOdlpFTm9kSGxqUmpsdlQyc3dOVk5FYkVwUmVsRjNWMVJXUkdSV1NUUmtWRnBzVFVaS1ZVNVZSUkFC4AEA-gEECAAQKw!16s%2Fg%2F11g1kvlc8v?entry=ttu&g_ep=EgoyMDI2MDUwMi4wIKXMDSoASAFQAw%3D%3D",2026-05-07 16:38,
Vyjayanthi Movies,film production house,Hyderabad,"104, Rd Number 71, Navanirman Nagar Colony, Jubilee Hills, Hyderabad, Telangana 500096",040 2360 7593,https://vyjayanthi.com/,4.4,,"https://www.google.com/maps/place/Vyjayanthi+Movies/@10.0137943,2.5024761,3z/data=!4m10!1m2!2m1!1sfilm+production+house+in+Hyderabad,+Kerala!3m6!1s0x3bcb96ca40e71363:0xf52e393fe78e7e0!8m2!3d17.4203367!4d78.4101021!15sCipmaWxtIHByb2R1Y3Rpb24gaG91c2UgaW4gSHlkZXJhYmFkLCBLZXJhbGFaKyIpZmlsbSBwcm9kdWN0aW9uIGhvdXNlIGluIGh5ZGVyYWJhZCBrZXJhbGGSARdmaWxtX3Byb2R1Y3Rpb25fY29tcGFueZoBI0NoWkRTVWhOTUc5blMwVkpRMEZuU1VORUxVcExRVVpuRUFF4AEA-gEECAAQOg!16s%2Fg%2F1tgfv25g?entry=ttu&g_ep=EgoyMDI2MDUwMi4wIKXMDSoASAFQAw%3D%3D",2026-05-07 16:38,
Budget Lab Productions,film production house,Kochi,"FS9, 9th Floor, Heavenly Plaza, Civil Line Rd, Chembumukku, Edappally, Kakkanad, Kochi, Kerala 682021",099468 75942,http://budgetlab.in/,4.8,,"https://www.google.com/maps/place/Budget+Lab+Productions/@10.0137943,76.2585033,13z/data=!3m1!5s0x3b080cfaaafa02cb:0x58cbc608471c5215!4m10!1m2!2m1!1sfilm+production+house+in+Kochi,+Kerala!3m6!1s0x3b080de52be98055:0x7edcdab3bed8cd4b!8m2!3d10.0137943!4d76.3306011!15sCiZmaWxtIHByb2R1Y3Rpb24gaG91c2UgaW4gS29jaGksIEtlcmFsYVonIiVmaWxtIHByb2R1Y3Rpb24gaG91c2UgaW4ga29jaGkga2VyYWxhkgEXZmlsbV9wcm9kdWN0aW9uX2NvbXBhbnmaAURDaTlEUVVsUlFVTnZaRU5vZEhsalJqbHZUMjVCZEU1dGN6RmhNVTVWVjBNeGNHRXphSGhPVmpsaFRWVTVVVkZ1WXhBQuABAPoBBAgAEEw!16s%2Fg%2F11h938gtcv?entry=ttu&g_ep=EgoyMDI2MDUwMi4wIKXMDSoASAFQAw%3D%3D",2026-05-07 16:38,connect@budgetlab.in
Ark Productions Pvt Ltd (Arunrajkartha Productions Pvt Ltd),film production house,Kochi,"FINE TOWER, THALIPPARAMBU Jn, 42/679/B, Padamugal - Palachuvadu Rd, P O, Vennala, Kochi, Kerala 682028",099952 53707,http://www.arkproductions.in/,5.0,,"https://www.google.com/maps/place/Ark+Productions+Pvt+Ltd+(Arunrajkartha+Productions+Pvt+Ltd)/@10.0137943,76.2585033,13z/data=!4m10!1m2!2m1!1sfilm+production+house+in+Kochi,+Kerala!3m6!1s0x3b080ce3a0eeba95:0xb61e0b3f1c4caecc!8m2!3d9.9992989!4d76.3289879!15sCiZmaWxtIHByb2R1Y3Rpb24gaG91c2UgaW4gS29jaGksIEtlcmFsYVonIiVmaWxtIHByb2R1Y3Rpb24gaG91c2UgaW4ga29jaGkga2VyYWxhkgESYWR2ZXJ0aXNpbmdfYWdlbmN5mgEjQ2haRFNVaE5NRzluUzBWSlEwRm5TVVJvZFZCSFRGVkJFQUXgAQD6AQQIIxA4!16s%2Fg%2F11f1llpqt0?entry=ttu&g_ep=EgoyMDI2MDUwMi4wIKXMDSoASAFQAw%3D%3D",2026-05-07 16:38,info@arkproductions.in
Megamedia Studios Pvt. Ltd.,film production house,Kochi,"Sreekala Rd, Vennala, Kochi, Ernakulam, Kerala 682028",094476 94444,http://instagram.com/megamediastudios/,4.2,,"https://www.google.com/maps/place/Megamedia+Studios+Pvt.+Ltd./@10.0137943,76.2585033,13z/data=!4m10!1m2!2m1!1sfilm+production+house+in+Kochi,+Kerala!3m6!1s0x3b080d1dee1875d9:0xee98f00dc8a9e122!8m2!3d10.0023065!4d76.3168374!15sCiZmaWxtIHByb2R1Y3Rpb24gaG91c2UgaW4gS29jaGksIEtlcmFsYZIBDG1vdmllX3N0dWRpb-ABAA!16s%2Fg%2F11cn12f0qp?entry=ttu&g_ep=EgoyMDI2MDUwMi4wIKXMDSoASAFQAw%3D%3D",2026-05-07 16:38,
V MEDIA THE COMPLETE FILM STUDIO,film production house,Kochi,"Moolepadam Rd, Chembumukku, Vazhakkala, Kochi, Kerala 682030",,,4.8,,"https://www.google.com/maps/place/V+MEDIA+THE+COMPLETE+FILM+STUDIO/@10.0137943,76.2585033,13z/data=!4m10!1m2!2m1!1sfilm+production+house+in+Kochi,+Kerala!3m6!1s0x3b080d6a69ce1e55:0xeb852bdd17fdedfe!8m2!3d10.0086372!4d76.3266652!15sCiZmaWxtIHByb2R1Y3Rpb24gaG91c2UgaW4gS29jaGksIEtlcmFsYZIBDG1vdmllX3N0dWRpb-ABAA!16s%2Fg%2F11smrzgcp8?entry=ttu&g_ep=EgoyMDI2MDUwMi4wIKXMDSoASAFQAw%3D%3D",2026-05-07 16:38,
Aum productions,film production house,Kochi,"Near. Marymatha public school Thrikkakara, Merrymatha road, P O, Chembumukku, Edappally, Kochi, Kerala 682021",070124 13338,https://www.aumproduction.in/,4.9,,"https://www.google.com/maps/place/Aum+productions/@10.0137943,76.2585033,13z/data=!4m10!1m2!2m1!1sfilm+production+house+in+Kochi,+Kerala!3m6!1s0x3b080df9f2e350af:0xa9fedd47ee77c85c!8m2!3d10.0191208!4d76.3211164!15sCiZmaWxtIHByb2R1Y3Rpb24gaG91c2UgaW4gS29jaGksIEtlcmFsYVonIiVmaWxtIHByb2R1Y3Rpb24gaG91c2UgaW4ga29jaGkga2VyYWxhkgEYdmlkZW9fcHJvZHVjdGlvbl9zZXJ2aWNlmgEkQ2hkRFNVaE5NRzluUzBWSlEwRm5TVU54ZFRaTWVEUjNSUkFC4AEA-gEECAAQKQ!16s%2Fg%2F11r9cxyz6r?entry=ttu&g_ep=EgoyMDI2MDUwMi4wIKXMDSoASAFQAw%3D%3D",2026-05-07 16:38,aum4productions@gmail.com
Bhavana Studios,film production house,Kochi,"825, 826, 23 Aswathy, Padamughal, Kakkanad, Kerala 682030",,https://www.bhavanastudios.com/,4.7,,"https://www.google.com/maps/place/Bhavana+Studios/@10.0137943,76.2585033,13z/data=!4m10!1m2!2m1!1sfilm+production+house+in+Kochi,+Kerala!3m6!1s0x3b080dc306d7f999:0xd343f48514ec100!8m2!3d10.0109239!4d76.3330261!15sCiZmaWxtIHByb2R1Y3Rpb24gaG91c2UgaW4gS29jaGksIEtlcmFsYVonIiVmaWxtIHByb2R1Y3Rpb24gaG91c2UgaW4ga29jaGkga2VyYWxhkgEXZmlsbV9wcm9kdWN0aW9uX2NvbXBhbnmaASNDaFpEU1VoTk1HOW5TMFZKUTBGblNVUmtiSE5JWDJSbkVBReABAPoBBAgAEDE!16s%2Fg%2F11j95mmhlf?entry=ttu&g_ep=EgoyMDI2MDUwMi4wIKXMDSoASAFQAw%3D%3D",2026-05-07 16:38,mail@bhavanastudios.com
CAT Productions,film production house,Kochi,"Plot No 207 Onam Park, NGO Quarters - Mavelipuram Rd, Kakkanad, Kerala 682030",090486 65939,https://cat.productions/,4.8,,"https://www.google.com/maps/place/CAT+Productions/@10.0137943,76.2585033,13z/data=!4m10!1m2!2m1!1sfilm+production+house+in+Kochi,+Kerala!3m6!1s0x3b080c1b298ac0d7:0x6b932e19f0edcf76!8m2!3d10.0196456!4d76.3413885!15sCiZmaWxtIHByb2R1Y3Rpb24gaG91c2UgaW4gS29jaGksIEtlcmFsYZIBGHZpZGVvX3Byb2R1Y3Rpb25fc2VydmljZeABAA!16s%2Fg%2F1hm21mp17?entry=ttu&g_ep=EgoyMDI2MDUwMi4wIKXMDSoASAFQAw%3D%3D",2026-05-07 16:38,contact@cat.productions
Chalachithram Film Studio Kochi,film production house,Kochi,"Madavana Temple Rd, Vennala, Ernakulam, Kerala 682028",081442 08597,,4.8,,"https://www.google.com/maps/place/Chalachithram+Film+Studio+Kochi/@10.0137943,76.2585033,13z/data=!4m10!1m2!2m1!1sfilm+production+house+in+Kochi,+Kerala!3m6!1s0x3b080d1dc8ba098f:0x6a6fdb7a666f1623!8m2!3d10.0035445!4d76.3155089!15sCiZmaWxtIHByb2R1Y3Rpb24gaG91c2UgaW4gS29jaGksIEtlcmFsYVonIiVmaWxtIHByb2R1Y3Rpb24gaG91c2UgaW4ga29jaGkga2VyYWxhkgEMbW92aWVfc3R1ZGlvmgEkQ2hkRFNVaE5NRzluUzBWSlEwRm5TVVExY1hGaWRIQjNSUkFC4AEA-gEECAAQMg!16s%2Fg%2F11bzt72j9k?entry=ttu&g_ep=EgoyMDI2MDUwMi4wIKXMDSoASAFQAw%3D%3D",2026-05-07 16:38,
UNNI MUKUNDAN FILMS,film production house,Kochi,"214, NGO Quarters - Mavelipuram Rd, Mavelipuram, Palachuvadu, Vazhakkala, Kakkanad, Kochi, Kerala 682030",,,5.0,,"https://www.google.com/maps/place/UNNI+MUKUNDAN+FILMS/@10.0137943,76.2585033,13z/data=!4m10!1m2!2m1!1sfilm+production+house+in+Kochi,+Kerala!3m6!1s0x3b080d0064945e13:0xf7f4dfc71f63a948!8m2!3d10.020015!4d76.341867!15sCiZmaWxtIHByb2R1Y3Rpb24gaG91c2UgaW4gS29jaGksIEtlcmFsYVonIiVmaWxtIHByb2R1Y3Rpb24gaG91c2UgaW4ga29jaGkga2VyYWxhkgEXZmlsbV9wcm9kdWN0aW9uX2NvbXBhbnmaAURDaTlEUVVsUlFVTnZaRU5vZEhsalJqbHZUMjAwTTFwR1p6QlJhMFp0WWpGb1NtSlZNVk5YYldOM1QxVldRbG94UlJBQuABAPoBBAgAEDo!16s%2Fg%2F11xztds25f?entry=ttu&g_ep=EgoyMDI2MDUwMi4wIKXMDSoASAFQAw%3D%3D",2026-05-07 16:38,
VJ Film House,film production house,Kochi,"46/2892B, Thykkavu jn, Vennala P. O, Kochi, Kerala 682028",0484 356 9240,http://www.vjfilmhouse.com/,4.7,,"https://www.google.com/maps/place/VJ+Film+House/@10.0137943,76.2585033,13z/data=!4m10!1m2!2m1!1sfilm+production+house+in+Kochi,+Kerala!3m6!1s0x3b080dae432f50ad:0x29225904672d80f2!8m2!3d9.9951646!4d76.3199242!15sCiZmaWxtIHByb2R1Y3Rpb24gaG91c2UgaW4gS29jaGksIEtlcmFsYZIBEGVkdWNhdGlvbl9jZW50ZXLgAQA!16s%2Fg%2F11rf0cvf14?entry=ttu&g_ep=EgoyMDI2MDUwMi4wIKXMDSoASAFQAw%3D%3D",2026-05-07 16:38,
Lal Media Arts,film production house,Kochi,"Pavoor Rd, Padivattom, Edappally, Kochi, Ernakulam, Kerala 682024",0484 280 8082,,4.6,,"https://www.google.com/maps/place/Lal+Media+Arts/@10.0137943,76.2585033,13z/data=!4m10!1m2!2m1!1sfilm+production+house+in+Kochi,+Kerala!3m6!1s0x3b080cfd044df941:0x28c7e084e92b2936!8m2!3d10.0097035!4d76.3195069!15sCiZmaWxtIHByb2R1Y3Rpb24gaG91c2UgaW4gS29jaGksIEtlcmFsYVonIiVmaWxtIHByb2R1Y3Rpb24gaG91c2UgaW4ga29jaGkga2VyYWxhkgEMbW92aWVfc3R1ZGlvmgEkQ2hkRFNVaE5NRzluUzBWSlEwRm5TVU53ZDFsMWRteG5SUkFC4AEA-gEECAAQPA!16s%2Fg%2F11by_yhkhy?entry=ttu&g_ep=EgoyMDI2MDUwMi4wIKXMDSoASAFQAw%3D%3D",2026-05-07 16:38,
Color Planet Studios Pvt.Ltd.,film production house,Kochi,"Pappali Rd, Satellite Twp, Padamughal, Kakkanad, Kochi, Kerala 682030",095445 88866,https://colorplanetstudios.com/,5.0,,"https://www.google.com/maps/place/Color+Planet+Studios+Pvt.Ltd./@10.0137943,76.2585033,13z/data=!4m10!1m2!2m1!1sfilm+production+house+in+Kochi,+Kerala!3m6!1s0x616d65f4ef1afc6f:0x47e6305273d0363!8m2!3d10.0098575!4d76.3328539!15sCiZmaWxtIHByb2R1Y3Rpb24gaG91c2UgaW4gS29jaGksIEtlcmFsYVonIiVmaWxtIHByb2R1Y3Rpb24gaG91c2UgaW4ga29jaGkga2VyYWxhkgEMbW92aWVfc3R1ZGlvmgFEQ2k5RFFVbFJRVU52WkVOb2RIbGpSamx2VDJ4V1UyVkVWVEprZWtaVVQwWldXbE16YUZoVmFrSjBVMjV3ZDJSdVl4QULgAQD6AQQIMBBK!16s%2Fg%2F11w3ckc11l?entry=ttu&g_ep=EgoyMDI2MDUwMi4wIKXMDSoASAFQAw%3D%3D",2026-05-07 16:38,info@colorplanetstudios.com
Whitescreen Production House,film production house,Kochi,"Surabhi Road, Sonia Nagar, Anjumana, Palarivattom, Kochi, Ernakulam, Kerala 682024",096451 56789,http://www.whitescreen.co.in/,4.9,,"https://www.google.com/maps/place/Whitescreen+Production+House/@10.0137943,76.2585033,13z/data=!4m10!1m2!2m1!1sfilm+production+house+in+Kochi,+Kerala!3m6!1s0x3b080d1cd08b7867:0xd6d78a72f9b828d!8m2!3d10.0095846!4d76.3110776!15sCiZmaWxtIHByb2R1Y3Rpb24gaG91c2UgaW4gS29jaGksIEtlcmFsYVonIiVmaWxtIHByb2R1Y3Rpb24gaG91c2UgaW4ga29jaGkga2VyYWxhkgESYWR2ZXJ0aXNpbmdfYWdlbmN5mgEkQ2hkRFNVaE5NRzluUzBWSlEwRm5TVVF6TTNCeU1WOW5SUkFC4AEA-gEECAAQDQ!16s%2Fg%2F11b6dpgl89?entry=ttu&g_ep=EgoyMDI2MDUwMi4wIKXMDSoASAFQAw%3D%3D",2026-05-07 16:38,
Life Light Productions,film production house,Kochi,"kollamkudimugal, Thrikkakara, Kakkanad, Kochi, Kakkanad, Kerala 682021",098475 76619,https://www.linkedin.com/in/bijoy-krishna-a1585847/,4.9,,"https://www.google.com/maps/place/Life+Light+Productions/@10.0137943,76.2585033,13z/data=!4m10!1m2!2m1!1sfilm+production+house+in+Kochi,+Kerala!3m6!1s0x3b080d19ebf5e993:0xb8f092f65db9f223!8m2!3d10.0310461!4d76.3421565!15sCiZmaWxtIHByb2R1Y3Rpb24gaG91c2UgaW4gS29jaGksIEtlcmFsYVonIiVmaWxtIHByb2R1Y3Rpb24gaG91c2UgaW4ga29jaGkga2VyYWxhkgEXZmlsbV9wcm9kdWN0aW9uX2NvbXBhbnngAQA!16s%2Fg%2F11t_vzmvtq?entry=ttu&g_ep=EgoyMDI2MDUwMi4wIKXMDSoASAFQAw%3D%3D",2026-05-07 16:38,jubao@lingying.com
NOISE GATE FILM STUDIO,film production house,Kochi,"Kochappilly Rd, Kesaveeyam, Palarivattom, Kochi, Ernakulam, Kerala 682025",,,4.9,,"https://www.google.com/maps/place/NOISE+GATE+FILM+STUDIO/@10.0137943,76.2585033,13z/data=!4m10!1m2!2m1!1sfilm+production+house+in+Kochi,+Kerala!3m6!1s0x3b080d1a68df6279:0xa1529ee1f9cfae35!8m2!3d10.0035863!4d76.3125635!15sCiZmaWxtIHByb2R1Y3Rpb24gaG91c2UgaW4gS29jaGksIEtlcmFsYVonIiVmaWxtIHByb2R1Y3Rpb24gaG91c2UgaW4ga29jaGkga2VyYWxhkgEXZmlsbV9wcm9kdWN0aW9uX2NvbXBhbnmaAURDaTlEUVVsUlFVTnZaRU5vZEhsalJqbHZUMjVzYlZWSFNucGxXRkp4WVVSRmVreFVaR3RpUlhRd1ZqSktNR05IWXhBQuABAPoBBAg3EEY!16s%2Fg%2F11k4ssd8cp?entry=ttu&g_ep=EgoyMDI2MDUwMi4wIKXMDSoASAFQAw%3D%3D",2026-05-07 16:38,
Colorxtract - Ad film Makers in Chennai | Corporate video maker | TV Ad film company,ad film makers,Chennai,"1st Floor, Golden Jubilee Flats, 148/4, Tiruvalleeswarar Nagar, Anna Nagar West, Anna Nagar West Extension, Chennai, Tamil Nadu 600040",093444 35277,https://www.colorxtract.com/,5.0,,"https://www.google.com/maps/place/Colorxtract+-+Ad+film+Makers+in+Chennai+%7C+Corporate+video+maker+%7C+TV+Ad+film+company/@13.0479934,80.1269418,13z/data=!4m10!1m2!2m1!1sad+film+makers+in+Chennai,+Tamil+Nadu!3m6!1s0x3a526401768ba9d5:0xc9a60cf1ee131c15!8m2!3d13.0826192!4d80.1922359!15sCiVhZCBmaWxtIG1ha2VycyBpbiBDaGVubmFpLCBUYW1pbCBOYWR1WiYiJGFkIGZpbG0gbWFrZXJzIGluIGNoZW5uYWkgdGFtaWwgbmFkdZIBGHZpZGVvX3Byb2R1Y3Rpb25fc2VydmljZeABAA!16s%2Fg%2F11gzh8md2?entry=ttu&g_ep=EgoyMDI2MDUwMi4wIKXMDSoASAFQAw%3D%3D",2026-05-07 16:39,clients@colorxtract.com
"ADTECHIES - Ad Films Makers, And Film Production Company in Chennai",ad film makers,Chennai,"A2, Balaji Enclave, 11/1, Tank Bund Rd, Pushpa Nagar, Nungambakkam, Chennai, Tamil Nadu 600034",099624 06600,,4.5,,"https://www.google.com/maps/place/ADTECHIES+-+Ad+Films+Makers,+And+Film+Production+Company+in+Chennai/@13.0594861,80.167534,13z/data=!4m10!1m2!2m1!1sad+film+makers+in+Chennai,+Tamil+Nadu!3m6!1s0x3a5266e0ffbc2385:0x95ce69aa7df1a15e!8m2!3d13.0594861!4d80.2396318!15sCiVhZCBmaWxtIG1ha2VycyBpbiBDaGVubmFpLCBUYW1pbCBOYWR1kgESYWR2ZXJ0aXNpbmdfYWdlbmN54AEA!16s%2Fg%2F11csc8lfc5?entry=ttu&g_ep=EgoyMDI2MDUwMi4wIKXMDSoASAFQAw%3D%3D",2026-05-07 16:39,
Ad Film Agency in Chennai | Ms Media Corp | Chennai,ad film makers,Chennai,"Mslive Stream Pvt Ltd 12/9 , Horizona Eden Park Valliammal Street, New Avadi Rd, Kilpauk, Chennai, Tamil Nadu 600010",073057 12345,https://www.msmediacorp.com/,4.8,,"https://www.google.com/maps/place/Ad+Film+Agency+in+Chennai+%7C+Ms+Media+Corp+%7C+Chennai/@13.0594861,80.167534,13z/data=!4m10!1m2!2m1!1sad+film+makers+in+Chennai,+Tamil+Nadu!3m6!1s0x3a52667fdd3763b3:0x182d94bef8dd1fa2!8m2!3d13.0792963!4d80.2329088!15sCiVhZCBmaWxtIG1ha2VycyBpbiBDaGVubmFpLCBUYW1pbCBOYWR1WiYiJGFkIGZpbG0gbWFrZXJzIGluIGNoZW5uYWkgdGFtaWwgbmFkdZIBEmFkdmVydGlzaW5nX2FnZW5jeZoBI0NoWkRTVWhOTUc5blMwVkpRMEZuU1VOd2MySkhka2huRUFF4AEA-gEECAAQSg!16s%2Fg%2F11bxfkm0b4?entry=ttu&g_ep=EgoyMDI2MDUwMi4wIKXMDSoASAFQAw%3D%3D",2026-05-07 16:39,support@mslivestream.com
Filmy Ads – Film Advertising Company,ad film makers,Chennai,"511, 608, Anna Salai, opposite to workafella building, Teynampet, Chennai, Tamil Nadu 600018",099404 15319,https://filmyads.com/,4.6,,"https://www.google.com/maps/place/Filmy+Ads+%E2%80%93+Film+Advertising+Company/@13.0594861,80.167534,13z/data=!4m10!1m2!2m1!1sad+film+makers+in+Chennai,+Tamil+Nadu!3m6!1s0x3a526f4a6963e235:0x27c58bc570cf5093!8m2!3d13.0388316!4d80.2465479!15sCiVhZCBmaWxtIG1ha2VycyBpbiBDaGVubmFpLCBUYW1pbCBOYWR1kgESYWR2ZXJ0aXNpbmdfYWdlbmN54AEA!16s%2Fg%2F11mvzx_m0c?entry=ttu&g_ep=EgoyMDI2MDUwMi4wIKXMDSoASAFQAw%3D%3D",2026-05-07 16:39,director@filmyads.com
Eyeballfilm Ad film Agency,ad film makers,Chennai,": 23 A, Abbusali St, K.K.Salai, Rajaji Colony, Saligramam, Chennai, Tamil Nadu 600092",098412 32167,,5.0,,"https://www.google.com/maps/place/Eyeballfilm+Ad+film+Agency/@13.0548654,80.1276354,13z/data=!4m10!1m2!2m1!1sad+film+makers+in+Chennai,+Tamil+Nadu!3m6!1s0x3a52616830fbb663:0xbf5694a6b5596a4c!8m2!3d13.0548654!4d80.1997332!15sCiVhZCBmaWxtIG1ha2VycyBpbiBDaGVubmFpLCBUYW1pbCBOYWR1WiYiJGFkIGZpbG0gbWFrZXJzIGluIGNoZW5uYWkgdGFtaWwgbmFkdZIBEmFkdmVydGlzaW5nX2FnZW5jeZoBJENoZERTVWhOTUc5blMwVkpRMEZuU1VONU9EWnFURFYzUlJBQuABAPoBBAgAEEc!16s%2Fg%2F11f9gx2y01?entry=ttu&g_ep=EgoyMDI2MDUwMi4wIKXMDSoASAFQAw%3D%3D",2026-05-07 16:39,
Vogue Frames Advertising Agency,ad film makers,Chennai,"28, 38, Vijayaraghava Rd, T. Nagar, Chennai, Tamil Nadu 600017",082200 49029,http://www.vogueframes.com/,5.0,,"https://www.google.com/maps/place/Vogue+Frames+Advertising+Agency/@13.0436079,80.169726,13z/data=!4m10!1m2!2m1!1sad+film+makers+in+Chennai,+Tamil+Nadu!3m6!1s0x3a5267088bf33437:0x5ab03e4ee5d75548!8m2!3d13.0436079!4d80.2418238!15sCiVhZCBmaWxtIG1ha2VycyBpbiBDaGVubmFpLCBUYW1pbCBOYWR1WiYiJGFkIGZpbG0gbWFrZXJzIGluIGNoZW5uYWkgdGFtaWwgbmFkdZIBEmFkdmVydGlzaW5nX2FnZW5jeZoBI0NoWkRTVWhOTUc5blMwVkpRMEZuU1VOS2EySTNaMWhCRUFF4AEA-gEECAAQNg!16s%2Fg%2F11rwm9g91p?entry=ttu&g_ep=EgoyMDI2MDUwMi4wIKXMDSoASAFQAw%3D%3D",2026-05-07 16:39,
iruthayarajafilm | Advertising film production company | Ad film company,ad film makers,Chennai,"350, 14th St, TNHB Colony, Korattur, Chennai, Tamil Nadu 600050",,https://www.youtube.com/@iruthayarajafilm,4.9,,"https://www.google.com/maps/place/iruthayarajafilm+%7C+Advertising+film+production+company+%7C+Ad+film+company/@13.106788,80.1130002,13z/data=!4m10!1m2!2m1!1sad+film+makers+in+Chennai,+Tamil+Nadu!3m6!1s0x3a5263b9019a8791:0xe5a72f076632e293!8m2!3d13.106788!4d80.185098!15sCiVhZCBmaWxtIG1ha2VycyBpbiBDaGVubmFpLCBUYW1pbCBOYWR1WiYiJGFkIGZpbG0gbWFrZXJzIGluIGNoZW5uYWkgdGFtaWwgbmFkdZIBF2ZpbG1fcHJvZHVjdGlvbl9jb21wYW554AEA!16s%2Fg%2F11xf76s_xx?entry=ttu&g_ep=EgoyMDI2MDUwMi4wIKXMDSoASAFQAw%3D%3D",2026-05-07 16:39,
Best Corporate Video Makers in Chennai | Corporate Films I Ad films I Video Production services in Chennai - SARANG MEDIA,ad film makers,Chennai,"#23, Pillayar Koil St, Vadapalani, Chennai, Tamil Nadu 600026",087545 08950,https://sarangmedia.com/,4.8,,"https://www.google.com/maps/place/Best+Corporate+Video+Makers+in+Chennai+%7C+Corporate+Films+I+Ad+films+I+Video+Production+services+in+Chennai+-+SARANG+MEDIA/@13.106788,80.1130002,13z/data=!4m10!1m2!2m1!1sad+film+makers+in+Chennai,+Tamil+Nadu!3m6!1s0x3a5266fc4b736af5:0x8c985e81f0c81f94!8m2!3d13.0512306!4d80.2153773!15sCiVhZCBmaWxtIG1ha2VycyBpbiBDaGVubmFpLCBUYW1pbCBOYWR1WiYiJGFkIGZpbG0gbWFrZXJzIGluIGNoZW5uYWkgdGFtaWwgbmFkdZIBGHZpZGVvX3Byb2R1Y3Rpb25fc2VydmljZeABAA!16s%2Fg%2F1vqtf6pr?entry=ttu&g_ep=EgoyMDI2MDUwMi4wIKXMDSoASAFQAw%3D%3D",2026-05-07 16:39,naga@sarangmedia.com
Jerald Films (Ad Films),ad film makers,Chennai,"no 75 Flat A5, New no 40, 18, CP Ramaswamy Rd, Alwarpet, Chennai, Tamil Nadu 600018",097909 01335,http://jeraldfilms.com/,5.0,,"https://www.google.com/maps/place/Jerald+Films+(Ad+Films)/@13.0332335,80.1846611,13z/data=!4m10!1m2!2m1!1sad+film+makers+in+Chennai,+Tamil+Nadu!3m6!1s0x3a5267c85b01ae4d:0x90bd9f0137453014!8m2!3d13.0332335!4d80.2567589!15sCiVhZCBmaWxtIG1ha2VycyBpbiBDaGVubmFpLCBUYW1pbCBOYWR1kgEXZmlsbV9wcm9kdWN0aW9uX2NvbXBhbnngAQA!16s%2Fg%2F11k_y3wxz5?entry=ttu&g_ep=EgoyMDI2MDUwMi4wIKXMDSoASAFQAw%3D%3D",2026-05-07 16:39,jeraldfilms@gmail.com
"Easton Media - Corporate Films Makers, Corporate Video Production Agency, 3D & 2D Animation Studio",ad film makers,Chennai,"TS70, 1st Floor, Guindy, Thiru Vi Ka Industrial Estate, Ekkatuthangal, Chennai, Tamil Nadu 600032",098400 03122,https://www.eastonmedia.com/,4.9,,"https://www.google.com/maps/place/Easton+Media+-+Corporate+Films+Makers,+Corporate+Video+Production+Agency,+3D+%26+2D+Animation+Studio/@13.0234597,80.136661,13z/data=!4m10!1m2!2m1!1sad+film+makers+in+Chennai,+Tamil+Nadu!3m6!1s0x3a5267d8384dcbb5:0x24294c70bf5be75a!8m2!3d13.0234597!4d80.2087588!15sCiVhZCBmaWxtIG1ha2VycyBpbiBDaGVubmFpLCBUYW1pbCBOYWR1WiYiJGFkIGZpbG0gbWFrZXJzIGluIGNoZW5uYWkgdGFtaWwgbmFkdZIBGHZpZGVvX3Byb2R1Y3Rpb25fc2VydmljZeABAA!16s%2Fg%2F11swz9wd4p?entry=ttu&g_ep=EgoyMDI2MDUwMi4wIKXMDSoASAFQAw%3D%3D",2026-05-07 16:39,contact@eastonmedia.com
Picklemonk Media - Creative Agency,ad film makers,Chennai,"Neya Terrace, 10A, Saraswathi Nagar Main Rd, New Colony, Virugambakkam, Chennai, Tamil Nadu 600087",088706 60543,http://www.picklemonkmedia.com/,5.0,,"https://www.google.com/maps/place/Picklemonk+Media+-+Creative+Agency/@13.0234597,80.136661,13z/data=!4m10!1m2!2m1!1sad+film+makers+in+Chennai,+Tamil+Nadu!3m6!1s0x3a5267f349ca1a23:0x2c7fdf7e847b3d69!8m2!3d13.0461191!4d80.1871796!15sCiVhZCBmaWxtIG1ha2VycyBpbiBDaGVubmFpLCBUYW1pbCBOYWR1WiYiJGFkIGZpbG0gbWFrZXJzIGluIGNoZW5uYWkgdGFtaWwgbmFkdZIBGHZpZGVvX3Byb2R1Y3Rpb25fc2VydmljZZoBJENoZERTVWhOTUc5blMwVkpRMEZuU1VOMmN5MUxMVGxSUlJBQuABAPoBBAgAECA!16s%2Fg%2F11jvlg762s?entry=ttu&g_ep=EgoyMDI2MDUwMi4wIKXMDSoASAFQAw%3D%3D",2026-05-07 16:39,
EJ Sound Studios,recording studio,Bengaluru,"118, Nesa's Nest, 8th - Cross Rd, Murugeshpalya, Nanja Reddy Colony, Jeevan Bima Nagar, Bengaluru, Karnataka 560017",076187 00496,http://www.ejmusiq.com/,4.8,,"https://www.google.com/maps/place/EJ+Sound+Studios/@12.9626802,77.5126325,12z/data=!4m10!1m2!2m1!1srecording+studio+in+Bengaluru,+Kerala!3m6!1s0x3bae13f91bfe37d1:0xe5f4fbbddc3fa8e7!8m2!3d12.9626802!4d77.6568281!15sCiVyZWNvcmRpbmcgc3R1ZGlvIGluIEJlbmdhbHVydSwgS2VyYWxhWiYiJHJlY29yZGluZyBzdHVkaW8gaW4gYmVuZ2FsdXJ1IGtlcmFsYZIBEHJlY29yZGluZ19zdHVkaW-aAURDaTlEUVVsUlFVTnZaRU5vZEhsalJqbHZUMjVHY1ZWVlZuTmxWR2QwWTJ4V1ZGUXdhelJTTW1SVFZua3hNMUZWUlJBQuABAPoBBQiEARBD!16s%2Fg%2F11b7r55yvr?entry=ttu&g_ep=EgoyMDI2MDUwMi4wIKXMDSoASAFQAw%3D%3D",2026-05-07 16:39,ej@ejmusiq.com
Musicloud Studio & Technology,recording studio,Bengaluru,"1484, 11th Main Rd, B Block, CQAL Layout, Sahakar Nagar, Bengaluru, Karnataka 560092",,http://www.musicloudstudio.com/,5.0,,"https://www.google.com/maps/place/Musicloud+Studio+%26+Technology/@13.0648438,77.4367942,12z/data=!4m10!1m2!2m1!1srecording+studio+in+Bengaluru,+Kerala!3m6!1s0x3bae18190e705027:0xc00779de4cd4bc8c!8m2!3d13.0648438!4d77.5809898!15sCiVyZWNvcmRpbmcgc3R1ZGlvIGluIEJlbmdhbHVydSwgS2VyYWxhWiYiJHJlY29yZGluZyBzdHVkaW8gaW4gYmVuZ2FsdXJ1IGtlcmFsYZIBEHJlY29yZGluZ19zdHVkaW-aASRDaGREU1VoTk1HOW5TMFZKUTBGblNVTlNPR1Y1U21oUlJSQULgAQD6AQQIABA7!16s%2Fg%2F11gbxcsvwr?entry=ttu&g_ep=EgoyMDI2MDUwMi4wIKXMDSoASAFQAw%3D%3D",2026-05-07 16:39,contact@musicloudstudio.com
Prabhath Sound Studios,recording studio,Bengaluru,"no.1589, Prabhath Studios, 1589/3, 21st A Main Road, Mysore Bank Colony, Phase 1, Banashankari 1st Stage, Banashankari, Bengaluru, Karnataka 560050",099007 81533,http://www.prabhathstudios.com/,4.8,,"https://www.google.com/maps/place/Prabhath+Sound+Studios/@12.9390398,77.4094509,12z/data=!4m10!1m2!2m1!1srecording+studio+in+Bengaluru,+Kerala!3m6!1s0x3bae3e22515a8a8d:0x57ebff2151a43e74!8m2!3d12.9390398!4d77.5536465!15sCiVyZWNvcmRpbmcgc3R1ZGlvIGluIEJlbmdhbHVydSwgS2VyYWxhWiYiJHJlY29yZGluZyBzdHVkaW8gaW4gYmVuZ2FsdXJ1IGtlcmFsYZIBEHJlY29yZGluZ19zdHVkaW-aAURDaTlEUVVsUlFVTnZaRU5vZEhsalJqbHZUMnBHZEZsVlJsTmFWVGd3WTFVMVIxTXdiSEpUUjFwTFlUSm9kbEp1WXhBQuABAPoBBQivARBG!16s%2Fg%2F1tvw3cqp?entry=ttu&g_ep=EgoyMDI2MDUwMi4wIKXMDSoASAFQAw%3D%3D",2026-05-07 16:39,prabhathstudios@gmail.com
Astral Studios,recording studio,Bengaluru,"2nd Floor, NR Complex, 24th Main Rd, above Sugar.fit, opposite Iyengars Bakery, Parangi Palaya, Sector 2, HSR Layout, Bengaluru, Karnataka 560102",097407 10550,http://astralstudios.in/,4.8,,"https://www.google.com/maps/place/Astral+Studios/@12.9086721,77.5050703,12z/data=!4m10!1m2!2m1!1srecording+studio+in+Bengaluru,+Kerala!3m6!1s0x3bae149c3e1a2853:0xcc31b2ab1cbcee2e!8m2!3d12.9086721!4d77.6492659!15sCiVyZWNvcmRpbmcgc3R1ZGlvIGluIEJlbmdhbHVydSwgS2VyYWxhWiYiJHJlY29yZGluZyBzdHVkaW8gaW4gYmVuZ2FsdXJ1IGtlcmFsYZIBEHJlY29yZGluZ19zdHVkaW-aASRDaGREU1VoTk1HOW5TMFZKUTBGblNVTm9aMkl5ZUd4M1JSQULgAQD6AQQIexA1!16s%2Fg%2F11bwyw81ss?entry=ttu&g_ep=EgoyMDI2MDUwMi4wIKXMDSoASAFQAw%3D%3D",2026-05-07 16:39,
Bread & jaam Recording studio,recording studio,Bengaluru,"#67 3rd cross landmark:-ICICI bank, Arakere Bannerghatta Rd, Nanjappa Layout, Bengaluru, Karnataka 560076",095352 15205,http://www.doodle.com/bp/pruthvimangiri/breadandjaam-jam-room-bookings-400hr,4.6,,"https://www.google.com/maps/place/Bread+%26+jaam+Recording+studio/@12.9086721,77.5050703,12z/data=!4m10!1m2!2m1!1srecording+studio+in+Bengaluru,+Kerala!3m6!1s0x3bae152b9c415b37:0x77d5916c07b7199f!8m2!3d12.8826268!4d77.5929122!15sCiVyZWNvcmRpbmcgc3R1ZGlvIGluIEJlbmdhbHVydSwgS2VyYWxhWiYiJHJlY29yZGluZyBzdHVkaW8gaW4gYmVuZ2FsdXJ1IGtlcmFsYZIBEHJlY29yZGluZ19zdHVkaW-aASNDaFpEU1VoTk1HOW5TMFZKUTBGblNVTlBOell6V0dWbkVBReABAPoBBAgAECA!16s%2Fg%2F11bwnbvlc8?entry=ttu&g_ep=EgoyMDI2MDUwMi4wIKXMDSoASAFQAw%3D%3D",2026-05-07 16:39,
Oktave Studio,recording studio,Bengaluru,"#992/2, 1st Main, Bhairavanagar, Dubasipalya, R.V College Post, Bengaluru, Karnataka 560059",089716 27265,,4.7,,"https://www.google.com/maps/place/Oktave+Studio/@12.9306133,77.3549214,12z/data=!4m10!1m2!2m1!1srecording+studio+in+Bengaluru,+Kerala!3m6!1s0x3bae3eef3267875b:0x792fe01e3cdd0f52!8m2!3d12.9306133!4d77.499117!15sCiVyZWNvcmRpbmcgc3R1ZGlvIGluIEJlbmdhbHVydSwgS2VyYWxhWiYiJHJlY29yZGluZyBzdHVkaW8gaW4gYmVuZ2FsdXJ1IGtlcmFsYZIBEHJlY29yZGluZ19zdHVkaW-aASRDaGREU1VoTk1HOW5TMFZKUTBGblNVTkNOVGg1YUcxQlJSQULgAQD6AQQIABA2!16s%2Fg%2F11g8v17rbl?entry=ttu&g_ep=EgoyMDI2MDUwMi4wIKXMDSoASAFQAw%3D%3D",2026-05-07 16:39,
432Hz Studios,recording studio,Bengaluru,"10, 1st Cross, 1st Main Rd, Vallabha Nagara, Bengaluru, Karnataka 560061",096064 85494,http://www.432hzstudios.com/,4.9,,"https://www.google.com/maps/place/432Hz+Studios/@12.9306133,77.3549214,12z/data=!4m10!1m2!2m1!1srecording+studio+in+Bengaluru,+Kerala!3m6!1s0x3bae3f2c664e461d:0x94a114052c23c019!8m2!3d12.9067096!4d77.5468785!15sCiVyZWNvcmRpbmcgc3R1ZGlvIGluIEJlbmdhbHVydSwgS2VyYWxhWiYiJHJlY29yZGluZyBzdHVkaW8gaW4gYmVuZ2FsdXJ1IGtlcmFsYZIBEHJlY29yZGluZ19zdHVkaW_gAQA!16s%2Fg%2F11ss5n5x9m?entry=ttu&g_ep=EgoyMDI2MDUwMi4wIKXMDSoASAFQAw%3D%3D",2026-05-07 16:39,atmos432hz@gmail.com
COSMA Recording Studio,recording studio,Bengaluru,"B501, B.Channasandra Main Rd, near BSNL Office, Lakshmamma Layout, Banaswadi, Bengaluru, Karnataka 560043",090351 59279,https://msha.ke/cosmastudio,4.7,,"https://www.google.com/maps/place/COSMA+Recording+Studio/@13.0128684,77.506777,12z/data=!4m10!1m2!2m1!1srecording+studio+in+Bengaluru,+Kerala!3m6!1s0x3bae19797f731529:0x924a65b5abcd8056!8m2!3d13.0128684!4d77.6509726!15sCiVyZWNvcmRpbmcgc3R1ZGlvIGluIEJlbmdhbHVydSwgS2VyYWxhWiYiJHJlY29yZGluZyBzdHVkaW8gaW4gYmVuZ2FsdXJ1IGtlcmFsYZIBEHJlY29yZGluZ19zdHVkaW_gAQA!16s%2Fg%2F11wnjg3m5h?entry=ttu&g_ep=EgoyMDI2MDUwMi4wIKXMDSoASAFQAw%3D%3D",2026-05-07 16:39,help@milkshake.app
Muzico Studio,recording studio,Bengaluru,"570/571, 1st Cross Rd, 3rd Block, Santhosapuram, Koramangala 3 Block, Koramangala, Bengaluru, Karnataka 560034",098865 57877,http://www.muzico.in/,4.9,,"https://www.google.com/maps/place/Muzico+Studio/@13.0128684,77.506777,12z/data=!4m10!1m2!2m1!1srecording+studio+in+Bengaluru,+Kerala!3m6!1s0x3bae15e4822954ad:0x6ce9221300e480d8!8m2!3d12.9269776!4d77.6228096!15sCiVyZWNvcmRpbmcgc3R1ZGlvIGluIEJlbmdhbHVydSwgS2VyYWxhWiYiJHJlY29yZGluZyBzdHVkaW8gaW4gYmVuZ2FsdXJ1IGtlcmFsYZIBEHJlY29yZGluZ19zdHVkaW_gAQA!16s%2Fg%2F11h519l3lr?entry=ttu&g_ep=EgoyMDI2MDUwMi4wIKXMDSoASAFQAw%3D%3D",2026-05-07 16:39,info@muzico.com
Omkar Sound Recording Studio's,recording studio,Bengaluru,"vidyapeeta school, 16/1, 15th Cross Rd, Kadarenahalli, Banashankari 2nd Stage, Bendre Nagar, Bengaluru, Karnataka 560070",098450 82046,,4.7,,"https://www.google.com/maps/place/Omkar+Sound+Recording+Studio's/@12.9150677,77.4173433,12z/data=!4m10!1m2!2m1!1srecording+studio+in+Bengaluru,+Kerala!3m6!1s0x3bae15f55140ba9f:0x7327c094a8053d2a!8m2!3d12.9150677!4d77.5615389!15sCiVyZWNvcmRpbmcgc3R1ZGlvIGluIEJlbmdhbHVydSwgS2VyYWxhWiYiJHJlY29yZGluZyBzdHVkaW8gaW4gYmVuZ2FsdXJ1IGtlcmFsYZIBEHJlY29yZGluZ19zdHVkaW_gAQA!16s%2Fg%2F11bxc6f34x?entry=ttu&g_ep=EgoyMDI2MDUwMi4wIKXMDSoASAFQAw%3D%3D",2026-05-07 16:39,
Audiokraft Studios,recording studio,Bengaluru,"Ground Floor, Vasudha L-357, 6th Main Rd, Sector 6, HSR Layout, Bengaluru, Karnataka 560102",098862 22638,http://www.audiokraft.com/,4.7,,"https://www.google.com/maps/place/Audiokraft+Studios/@12.9150677,77.4173433,12z/data=!4m10!1m2!2m1!1srecording+studio+in+Bengaluru,+Kerala!3m6!1s0x3bae148e24693107:0x6edf1dc9289250db!8m2!3d12.9148561!4d77.6329046!15sCiVyZWNvcmRpbmcgc3R1ZGlvIGluIEJlbmdhbHVydSwgS2VyYWxhWiYiJHJlY29yZGluZyBzdHVkaW8gaW4gYmVuZ2FsdXJ1IGtlcmFsYZIBEHJlY29yZGluZ19zdHVkaW-aASRDaGREU1VoTk1HOW5TMFZKUTBGblNVUkNaelp0TVc1QlJSQULgAQD6AQQIABBD!16s%2Fg%2F1260r2ljc?entry=ttu&g_ep=EgoyMDI2MDUwMi4wIKXMDSoASAFQAw%3D%3D",2026-05-07 16:40,gagan@audiokraft.com
JJ Music Studioz,recording studio,Bengaluru,"United Elysium 2, A-006, Channasandra Main Rd, near Bharath Petroleum Bunk, Whitefield, Thirumalashettyhally, Bengaluru, Karnataka 560067",081474 85653,http://www.jjmusicstudioz.com/,4.9,,"https://www.google.com/maps/place/JJ+Music+Studioz/@12.9834058,77.6304718,12z/data=!4m10!1m2!2m1!1srecording+studio+in+Bengaluru,+Kerala!3m6!1s0x3bae11f9fe955555:0xa4ccf52545ae8f3d!8m2!3d12.9834058!4d77.7746674!15sCiVyZWNvcmRpbmcgc3R1ZGlvIGluIEJlbmdhbHVydSwgS2VyYWxhWiYiJHJlY29yZGluZyBzdHVkaW8gaW4gYmVuZ2FsdXJ1IGtlcmFsYZIBEHJlY29yZGluZ19zdHVkaW_gAQA!16s%2Fg%2F11c7s_97_0?entry=ttu&g_ep=EgoyMDI2MDUwMi4wIKXMDSoASAFQAw%3D%3D",2026-05-07 16:40,jjmusicstudioz@gmail.com
Pranava Studios(tm)(r),recording studio,Bengaluru,"41, 20th A Main Rd, 1st R Block, 2nd Stage, Rajajinagar, Bengaluru, Karnataka 560010",098866 01728,http://www.pranavastudios.net/,4.7,,"https://www.google.com/maps/place/Pranava+Studios(tm)(r)/@13.007207,77.4049254,12z/data=!4m10!1m2!2m1!1srecording+studio+in+Bengaluru,+Kerala!3m6!1s0x3bae3d9cde39bb81:0x38e9cde9e934ec4f!8m2!3d13.007207!4d77.549121!15sCiVyZWNvcmRpbmcgc3R1ZGlvIGluIEJlbmdhbHVydSwgS2VyYWxhWiYiJHJlY29yZGluZyBzdHVkaW8gaW4gYmVuZ2FsdXJ1IGtlcmFsYZIBEHJlY29yZGluZ19zdHVkaW-aAURDaTlEUVVsUlFVTnZaRU5vZEhsalJqbHZUMnhGZDFwWFZURk5iRnBVVlZWYVVGUXhXblJXZWxJMFZqTm9UVXhYWXhBQuABAPoBBQjGAhAw!16s%2Fg%2F11b6gptq29?entry=ttu&g_ep=EgoyMDI2MDUwMi4wIKXMDSoASAFQAw%3D%3D",2026-05-07 16:40,info@pranavastudios.net
VL Studios (Audio Recording Studio & Jam Room),recording studio,Bengaluru,"2nd floor, 1023, 80 Feet Rd, S.T. Bed, 1st Block Koramangala, Koramangala, Bengaluru, Karnataka 560034",097423 43464,,4.4,,"https://www.google.com/maps/place/VL+Studios+(Audio+Recording+Studio+%26+Jam+Room)/@12.9306595,77.4889182,12z/data=!4m10!1m2!2m1!1srecording+studio+in+Bengaluru,+Kerala!3m6!1s0x3bae1463b50e50cf:0xef04b9a66ee0d686!8m2!3d12.9306595!4d77.6331138!15sCiVyZWNvcmRpbmcgc3R1ZGlvIGluIEJlbmdhbHVydSwgS2VyYWxhWiYiJHJlY29yZGluZyBzdHVkaW8gaW4gYmVuZ2FsdXJ1IGtlcmFsYZIBEHJlY29yZGluZ19zdHVkaW-aASRDaGREU1VoTk1HOW5TMFZKUTBGblNVTmFkSE5xYjIxM1JSQULgAQD6AQQIOhA6!16s%2Fg%2F11cn79b9tf?entry=ttu&g_ep=EgoyMDI2MDUwMi4wIKXMDSoASAFQAw%3D%3D",2026-05-07 16:40,
ARK Record Inn,recording studio,Bengaluru,"1st floor, 137, 4th Cross Rd, near Gouri Kuranga Diabetes Centre, 1st Block, 2nd Stage, Rajajinagar, Bengaluru, Karnataka 560010",099005 77353,https://www.instagram.com/arkrecordinn/,4.8,,"https://www.google.com/maps/place/ARK+Record+Inn/@13.0063906,77.4062704,12z/data=!4m10!1m2!2m1!1srecording+studio+in+Bengaluru,+Kerala!3m6!1s0x3bae3d9ccb1f4d17:0x98c14f1dcb105668!8m2!3d13.0063906!4d77.550466!15sCiVyZWNvcmRpbmcgc3R1ZGlvIGluIEJlbmdhbHVydSwgS2VyYWxhWiYiJHJlY29yZGluZyBzdHVkaW8gaW4gYmVuZ2FsdXJ1IGtlcmFsYZIBEHJlY29yZGluZ19zdHVkaW_gAQA!16s%2Fg%2F11g6989xxl?entry=ttu&g_ep=EgoyMDI2MDUwMi4wIKXMDSoASAFQAw%3D%3D",2026-05-07 16:40,
Bhuvanagiri,music label,Bhongir,,,,,,"https://www.google.com/maps/place/Bhuvanagiri,+Telangana,+India/@17.5046734,78.818809,13z/data=!3m1!4b1!4m10!1m2!2m1!1smusic+label+in+Bhongir,+Kerala!3m6!1s0x3bcb6f0595229ee7:0xf34c192cdd1cfe05!8m2!3d17.507769!4d78.8802139!15sCh5tdXNpYyBsYWJlbCBpbiBCaG9uZ2lyLCBLZXJhbGGSAQhsb2NhbGl0eeABAA!16zL20vMGNfcG5f?entry=ttu&g_ep=EgoyMDI2MDUwMi4wIKXMDSoASAFQAw%3D%3D",2026-05-08 05:18,
